Post_URL,Full_Post_Content
https://www.facebook.com/groups/322977734828852/posts/2305727696553836/,"ที่ดิน โฉนดครุฑแดง ไร่ละ4แสนกว่าบาท ที่ดินวิวสวย บรรยากาศดี 10ไร่ 2งาน 82ตารางวา เขต ต.บ้านธิ อ.บ้านธิ จ.ลำพูน 
-ติดถนนยางดำกว่าง8เมตร
-ใกล้อ่างเก็บน้ำแม่ธิ
-ใกลตลาด 7-11 และอื่นๆ
-ห่างจากเมืองเชียงใหม่30นาที 
-หน้าที่ดินกว้าง60เมตร
X ลดราคาจากราคา4.9ลบ ขายยกแปลงลดเหลือ
 4.5 ลบ. สนใจสอบถามได้ครับ"
https://www.facebook.com/groups/322977734828852/posts/2380974485695823/,"ขายที่ดินสวย วิวภูเขา บรรยากาศธรรมชาติ เจ้าของขายเอง!
 ด่วน! ราคาพิเศษเพียง 19,900,000 บาท 
(
 ค่าโอนกรรมสิทธิ์ ผู้ซื้อเป็นผู้รับผิดชอบ)
 ที่ตั้ง: ตำบลป่าป้อง อำเภอดอยสะเก็ด จังหวัดเชียงใหม่
 ขนาดที่ดิน: 9 ไร่ 3 งาน 81.5 ตารางวา
 เอกสารสิทธิ์: โฉนด พร้อมโอนกรรมสิทธิ์ทันที
---
 จุดเด่นของที่ดิน:
 ติดถนนเมนหลัก เข้า-ออกสะดวก เหมาะแก่การพัฒนา
 วิวธรรมชาติสุดตระการตา มองเห็นภูเขาโอบล้อมรอบ
 บรรยากาศเงียบสงบ เหมาะสำหรับพักผ่อน อากาศเย็นสบาย โดยเฉพาะฤดูหนาว
 ที่ดินไม่เสี่ยงน้ำท่วม ติดคลองชลประทาน + คลองสาธารณะ มีน้ำใช้ตลอดปี
 เหมาะสำหรับ: ทำการเกษตร, ปลูกบ้านพักตากอากาศ, รีสอร์ต, หรือซื้อไว้เก็งกำไรในอนาคต
---
 ทำเลศักยภาพ เดินทางสะดวกและเพื่อลงทุน:
 ห่างถนนใหญ่สายหลักดอยสะเก็ด–เชียงราย เพียง 2.8 กิโลเมตร (จากปากทางเลี้ยวขวาเข้าทางไปวิทยาลัยเทคโนโลยีราชมงคลล้านนา)
 ขับรถเพียง 25 นาทีถึงเซ็นทรัลเฟสติวัลเชียงใหม่
 ใกล้โรงพยาบาลดอยสะเก็ดเพียง 10 นาที
 ใกล้ตัวเมืองดอยสะเก็ด สะดวกทั้งอยู่อาศัยและเพื่อลงทุน
 ถนนทางเข้าเป็นถนนคอนกรีต เดินทางสะดวกสบาย
---
 สนใจติดต่อโดยตรง:
 โทร: 095-915-4142 (คุณนภ)
 Line ID: 095-915-4142 (ค้นหาด้วยเบอร์โทรศัพท์ได้เลย)
---
 พร้อมให้ข้อมูลเพิ่มเติมและนัดดูสถานที่จริงได้ทุกวัน
 โอกาสดีสำหรับผู้ที่มองหาทำเลทองในเชียงใหม่ อย่ารอช้าครับผม!"
https://www.facebook.com/groups/322977734828852/posts/2391947077931897/,"ขายที่ดินโซนเจ็ดยอดช้างเผือกครับ 100 ตารางวาตารางวาละ 55,000 บาท เยื้องโรงเรียนแอลซีซี หน้าโลตัสสร้างใหม่ครับ"
https://www.facebook.com/groups/322977734828852/posts/2408231342970137/,"บ้านว่างให้เช่า House for rent 13,000 ฿/ เดือน
( บ้านเปล่าไม่มีเฟอร์นิเจอร์) ใกล้กาดฝรั่ง 5 นาที 
 086-1839888"
https://www.facebook.com/groups/322977734828852/posts/2415232768936661/,"ด่วน
ขายที่ดิน1ไร่1งาน25 ตรว. พร้อมบ้านหลังใหญ่ใกล้สนามบินเชียงใหม่  
11.5ล้าน 
ใกล้แยกพืชสวนโลก 1ไร่ 1งาน 25 ตารางวา
ที่ดินกว้างมากมีพื้นที่สำหรับสร้างสระว่ายน้ำเพิ่มได้
 เหมาะสำหรับนักลงทุน รีโนเวทบ้าน
4ห้องนอน 4ห้องน้ำ 3ห้องอเนกประสงค์
(แยกห้องแม่บ้านและห้องน้ำหลังบ้าน)
หน้าบ้านหันทางทิศเหนือ
บ้านนอกโครงการ เข้าซอยเพียง800เมตร
ลดจาก19ล้าน เหลือ11.5 ล้านบาท เท่านั้น
VDO: https://youtu.be/cfD0yIxexV4?si=hLa7RqQRSjXxe_Un
ที่ตั้ง สันผักหวาน หางดง เชียงใหม่
ใกล้โรงเรียนนานาชาติหลายแห่ง 
สนามบินเชียงใหม่เพียง10นาที
Urgent
Land for sale with big house. Only 12 million
Near the world garden plant intersection, 1 rai, 1 ngan, 25 square wah.
The land is very wide, with space for building an additional swimming pool.
 Suitable for investors renovating their homes.
4 bedrooms, 4 bathrooms, 3 multi-purpose rooms
(Separate maid's room and bathroom behind the house)
 The front of the house faces north.
House outside the project Enter the alley only 800 meters.
Reduced from 19 million to only 11.5 million
Location: San Phak Wan, Hang Dong, Chiang Mai
Near many international schools 
Chiang Mai Airport only 10 minutes.
For more information, please contact
-----‐----------------------------------------------
Tel.0647924426(Ben)
Lineคลิ๊ก : http://line.me/ti/p/~0647924426
WeChat ID:  ben0647924426
WhatsApp:0647924426
#S893 #ติดทรัพย์ #ขายบ้านเชียงใหม่ราคาถูก #ขายที่ดินหางดง #ขายบ้านหางดง #ขายบ้านแม่เหียะ #พูลวิลล่าหางดง #ที่ดินราคาถูก #ที่ดินทำเลทองเชียงใหม่ #ที่ดินเชียงใหม่ #บ้านราคาถูกเชียงใหม่ #houseforsale #houseforsalechiangmai #lifestyle #property #realestate #landforsale #poolvillahangdong"
https://www.facebook.com/groups/322977734828852/posts/2418380065288598/,"บ้านพร้อมที่ดิน 3ไร่ 1งาน โฉนด น.ส.๔ จ. วิวทุ่งนาสวยๆ รอบทิศ ใกล้ตัวเมือง 
ราคาเพียง 6.59 ล้าน
ที่ตั้ง : ตำบลท่าวังทอง อำเภอเมือง จังหวัดพะเยา
รายละเอียด : ขนาด 3 ไร่ 1 งาน
บ้าน 2 ชั้น ขนาด 50 ตรม. 2 ห้องนอน(ปูพื้นด้วยไม้พยุง 1 ห้อง) 2 ห้องน้ำ ด้านล่างเป็นห้องโถง มีระเบียงริมสระ 
นอกตัวบ้าน-> มีห้องครัวพื้นบ้าน ห้องเอนกประสงค์ ห้องน้ำ ศาลากลางน้ำ ศาลานั่งเล่น/จอดรถ 
มีไฟฟ้าและน้ำประปาหมู่บ้าน ถนนซีเมนต์สาธารณะ สระน้ำขนาดใหญ่เพื่อการเกษตรพร้อมปลาที่เลี้ยงไว้และผลไม้หลากหลายชนิด
สถานที่ใกล้เคียง : 
 -ห่างวิทยาลัยเทคโนโลยีพะเยา 500 เมตร 
 -ห่างทางหลวงสายพะเยา-ป่าแดด 1 กม. 
 -ห่างตลาดสดท่าวังทอง 1 กม. 
 -ห่างโรงพยาบาลค่ายขุนเจืองธรรมิกราช 2 กม. 
 -ห่างโรงพยาบาลพะเยาราม 4 กม. 
 -ห่างสถานีตำรวจภูธรเมืองพะเยา 4 กม. 
ข้อมูลเพิ่มเติมติดต่อ : 091-4156549 หรือ Inbox ได้เลยค่ะ"
https://www.facebook.com/groups/322977734828852/posts/2422971644829440/,"#ที่ดินแปลงเล็กในชุมชนราคาหลักแสน
#หน้าแปลงติดถนนคอนกรีต
#ท้ายแปลงเป็นเนินสโสบลงไปหาลำน้ำห้วย
#แปลงที่ดินมีต้นไม้สักทอง35ต้นต้นลำใย10ต้น
#น้ำไฟพร้อม##ใกล้แหล่งท่องเที่ยว#
#โฉนดครุฑแดง2งาน74ตรางวา
#ขายราคา390000฿##ราคาด่วนๆ
#บ้านแปะ อ.จอมทอง จ.เชียงใหม่
#สนจัย0801904520"
https://www.facebook.com/groups/322977734828852/posts/2430310630762208/,"ขายที่ดินใกล้ชุมชนวิวภูเขาสวยๆ
#ที่ดินสำหรับสร้างบ้านวัยเกษียณ##
#บรรยากาศท่ามกลางวิวภูเขาและต้นไม้ใหญ่
#ที่ดิน##มีต้นลำใย##ต้นมะม่วง##ต้นมะนาว
#น้ำประปา##ไฟฟ้า##อินเตอร์เนต##
#หน้าแปลงติดถนนคอนกรีต##
#อากาศเย็นสบายตลอดปี่##
#ใกล้สถานที่บริการ##ใกล้แหล่งท่องเที่ยว
#ใกล้จุดชมวิวหน้าผางวงช้าง
#สวนดอกไฮเดรนเยียบ้านขุนแปะ
#โฉนดครุฑแดง เนื้อที่3งาน18ตรางวา
#ขายราคาเพียง560000฿
#บ้านทุ่งพัฒนา ต.บ้านแปะ อ.จอมทอง
#จ.เชียงใหม่##สนจัย0801904520"
https://www.facebook.com/groups/322977734828852/posts/2431237204002884/,หาซื้อที่ดิน ในตัวเมืองทำเลดี หรือ นอกตัวเมืองที่เหมาะกับทำบ้านพักตากอากาศ 1-2 ไร่ สามารถเสนอมาได้เลยนะครับ ถูกใจเดี่ยวทักไป หรือจะทักส่วนตัวมาก็ได้ครับ
https://www.facebook.com/groups/322977734828852/posts/2435651703561434/,บ้านสวย ทำเลดี หางดง ราคาไม่แพง
https://www.facebook.com/groups/322977734828852/posts/2435914573535147/,"ขายปิดหนี้ 
 ทำเลดี ติดเซเว่น ใกล้ถนนหลัก 10 เมตร เพียง 1.3 ล้าน ใกล้ตลาดท่ารั้ว"
https://www.facebook.com/groups/322977734828852/posts/2435920640201207/,โพสต์ของ Jesda Aircon Servicing
https://www.facebook.com/groups/322977734828852/posts/2436875546772383/,"บ้านโปรดพูลวิลล่าเชียงใหม่
วิลล่าใจกลางเมืองเชียงใหม่
เนื้อที่ 117 ตรว.
ขาย 19.5 ล้านบาท
3 ห้องนอน
4 ห้องน้ำ
1 ห้องรับแขก
1 ห้องครัว
สระว่ายน้ำระบบเกลือ 3×7 เมตร พร้อมหัวสปา
สวนน้ำตกพร้อมลำธาร
เฟอร์นิเจอร์และเครื่องใช้ไฟฟ้าครบ
เกี่ยวกับที่พักนี้
Baan Prod Pool Villa บ้านพักตากอากาศตั้งอยู่ในตัวเมืองเชียงใหม่ ห่างจาก
โรงเรียนนานาชาติ ABS 2 กม.
โรงเรียนนานาชาติ Unity Con cord 2 กม.
โรงเรียนช่องฟ้าซินเซิง 3 กม.
โรงพยาบาลกรุงเทพ 3 กม.
โรงพยาบาลราม 6 กม.
สนามบินเชียงใหม่ 6 กม.
ห้างสรรพสินค้า เซ็นทรัลเฟสติวัล 5 กม.
บิ๊กซีดอนจั่น 4 กม.
เซ็นทรัลแอร์พอร์ตพลาซ่า 6 กม.
ถนนนิมมานเหมินทร์ 8 กม.
ท่าแพ 5 กม.
ที่พักเงียบสงบในเมือง ให้ความเป็นส่วนตัวมีสระว่ายน้ำระบบเกลือ, มีบริเวณสำหรับจอดรถ 4 คัน
นัดชมแจ้งล่วงหน้า 1 วัน
096-0125519 โหน่งครับ"
https://www.facebook.com/groups/322977734828852/posts/2436876750105596/,ตามหาที่ดิน ทำสวนทำฟาร์มทำไร่ 1-10 ไร่ เจ้าของขายเองทางเข้าออกสะดวกทักแชทส่งรูปเพิ่มเติมมาได้ค่ะ
https://www.facebook.com/groups/322977734828852/posts/2436880730105198/,"AG หาบ้านพร้อมผู้เช่าทำเลปล่อยเช่า
ลูกค้าพรีวงเงินแล้ว 3.3ล้านบาท ซื้อลงทุนค่ะ"
https://www.facebook.com/groups/322977734828852/posts/2436926986767239/,"หาซื้อที่ดินช.ม.หลายแปลงทำคาเฟ่,รีสอร์ท,บ้านจัดสรรทำทิ้งเบอร์โทรส่งรายละเอียดที่ดินมาได้ซื้อเองเสนอมาได้เลยนัดดูกลางเดือนนี้ค่ะ"
https://www.facebook.com/groups/322977734828852/posts/2437012453425359/,"ขายบ้านมือ2สำหรับสายรีโนเวทหรือไว้อยู่อาศัย 3ห้องนอน 2ห้องน้ำ ต.ริมใต้ อ.แม่ริม จ.เชียงใหม่ ในที่ดิน 66 ตรว. ใกล้ที่ว่าการอำเภอ และตลาดสดแม่ริม ราคา 1.9 ล. พร้อมโอน โทร 0869150863 ต้อม
https://maps.app.goo.gl/tjNrsC6nWTqTNiTy7?g_st=al"
https://www.facebook.com/groups/322977734828852/posts/2437064293420175/,"ลูกค้างบ 3.5 ล้าน เงินสด หาซื้อบ้าน/ทาวน์โฮมเล็กๆ 2 นอน มีสวน
โซนเจ็ดยอด สันติธรรม หรือใกล้เคียง ขอเจ้าของ/ติดทรัพย์ก่อนนะคะ"
https://www.facebook.com/groups/322977734828852/posts/2437174270075844/,ลูกค้าต้องการบ้านชั้นเดียวไม่ไกลเมืองวิวทุ่งนา
https://www.facebook.com/groups/322977734828852/posts/2437286903397914/,"หาบ้านเช่าลูกค้าต่างชาติ งบประมาณ 25,000-28,000/เดือน ครอบครัว 4 ท่าน ไม่มีสัตว์เลี้ยงค่ะ
โซนต้นเปา-แยกหลุยส์ ขอเจ้าของหรือติดทรัพย์ก่อนนะคะ"
https://www.facebook.com/groups/322977734828852/posts/2437302400063031/,เบื่อพวกนังผีพวกนี้จังเลย เวลาลงโพส์ขายที่ดิน
https://www.facebook.com/groups/322977734828852/posts/2437777386682199/,"ที่ดิน 144 ตรว. ต.ยางเนิ้ง อ.สารภี
ราคาพิเศษ เพียง 1.39 ล้าน แถมบ้านไม้เก่าให้ด้วย!!  (ตรว.ละไม่ถึง9,700บาท  ถูกมากๆรอบข้างใกล้เคียงที่ดินตรว.ละ11,000-13,000เช็คก่อนได้เลย)
ที่ดินรูปสวย หน้ากว้างติดถนนชุมชนประมาณ17เมตร
แปลงที่ดินหันหน้าทางทิศใต้ สร้างบ้านทิศทางลมดี บ้านไม่ร้อน
น้ำไม่ท่วม รอบปี 67 หนักสุดก็ไม่ท่วม100 %
ไปเซเว่น โรงเรียนวชิราลัยแค่ 3 นาที
ไปที่ว่าการอำเภอ,ตลาดยางเนิ้ง หรือLotus's village ที่กำลังจะเปิดปลายปีนี้ แค่2กิโลกว่าๆ
เหมาะสำหรับสร้างบ้าน ทำคาเฟ่ หรือสร้างหอพักอยู่ในชุมชนแต่ไม่วุ่นวาย เดินทางสะดวก เข้าออกได้หลายทาง.
สนใจโทรติดต่อ  094.2893646 มัสรับสายค่ะ"
https://www.facebook.com/groups/322977734828852/posts/2437907703335834/,"ราคาเพียง 750,000 บาท เท่านั้น
 ขายบ้านพร้อมที่ดินสุดคุ้ม ขนาด 35 ตร.วา
 1 ห้องรับแขก
 2 ห้องนอน
 1 ห้องครัว
 1 ห้องน้ำ
 ทำเลทอง! ใกล้ตลาดใหญ่, ตลาดแม่คือ, เซเว่น, โลตัส และปั๊มน้ำมัน
 อยู่ในเขตชุมชน สาธารณูปโภคครบครัน
 สนใจติดต่อ090-326-8292วัลย์"
https://www.facebook.com/groups/322977734828852/posts/2437938319999439/,"ที่สุดของบ้านเดี่ยวโมเดิร์น: แปลงหัวมุมสุดพิเศษในทำเลทอง ดอนแก้ว–แม่ริม 
 โอกาสเดียวที่คุณจะได้เป็นเจ้าของ! หลังใหญ่ หรูหรา ฟังก์ชันครบ ออกแบบเฉพาะหลังเดียวไม่ซ้ำใคร บนทำเลที่ตอบโจทย์ทุกการใช้ชีวิต ใกล้เมืองเชียงใหม่เพียง 10 นาที!
• พื้นที่ที่ลงตัว: 255 ตร.ม. บนที่ดิน 54.5 ตร.ว. 
• ฟังก์ชันสุดคุ้ม: 4 ห้องนอน | 3 ห้องน้ำ
• เหมาะทั้งสำหรับอยู่อาศัยแบบครอบครัว และ ลงทุนทำพูลวิลล่าให้เช่าได้ทันที!
 รายละเอียดที่พักอาศัยระดับพรีเมียม
• ห้องรับแขก กว้างขวาง เปิดรับแสงธรรมชาติ
• ห้องครัวปิด พร้อมใช้งาน (หมดปัญหาเรื่องกลิ่น) และลานซักล้างด้านหลัง
• ห้องเก็บของใหญ่ แยกสัดส่วน
• คอร์ทยาร์ดหน้าบ้าน: พื้นที่ส่วนตัวสำหรับพักผ่อน หรือ ต่อเติมสระว่ายน้ำส่วนตัว ได้ตามใจ
• ที่จอดรถ: รองรับ 2-3 คัน ด้วยพื้นคอนกรีตพิมพ์ลาย สวยงาม ทนทาน
 เหตุผลที่ไม่ควรพลาดโอกาสนี้!
• คุณภาพสูงสุด: ใช้วัสดุเกรดพรีเมียมทั้งหมด พร้อม รับประกันตัวบ้าน
• พิเศษสำหรับคุณ: ของแถม เลือกได้เองตามความต้องการ!
• ดีลพิเศษสุด: ลูกค้าซื้อสด รับข้อเสนอพิเศษ เหนือกว่าใคร!
• พร้อมเข้าอยู่: โอนกรรมสิทธิ์ได้ทันที ไม่ต้องรอสร้าง
 ทำเลศักยภาพที่ชีวิตลงตัว
เดินทางสะดวกสบาย ไร้กังวลเรื่องรถติด:
• 500 เมตร ถึงถนนโชตนา (เส้นหลัก)
• 10 นาที ถึงตัวเมืองเชียงใหม่
• ใกล้แหล่งอำนวยความสะดวกครบครัน: กาดฝรั่ง, แม็คโคร, โรงพยาบาลนครพิงค์, ศาลากลาง
 โอกาสสุดท้าย! เหลือเพียง 1 หลังเท่านั้น 
บ้านเดี่ยวแปลงหัวมุมในราคานี้...หาไม่ได้อีกแล้ว! รีบตัดสินใจก่อนที่จะพลาดโอกาสเป็นเจ้าของบ้านทำเลทองแห่งนี้
นัดชมบ้านสวยวันนี้ / สอบถามข้อมูลเพิ่มเติม:
 โทร: 082-4978617 (คุณบอม)
 Inbox: ทักแชทเพื่อรับ ""ข้อเสนอสุดพิเศษ"" ที่คุณไม่ควรพลาด
นายหน้า/ตัวแทน: ยินดีร่วมงานด้วย"
https://www.facebook.com/groups/322977734828852/posts/2438021299991141/,ขายที่ดินแถมบ้านฟรีเนื้อที่ 77 ตรว. แถวบ้านถวาย หางดง  เชียงใหม่สนใจติดต่อ 0925983598 ราคา1.5ล้านต่อรองได้ค่ะ
https://www.facebook.com/groups/322977734828852/posts/2438118256648112/,"ปล่อยต่อโฮมสเตย์กลางธรรมชาติ!! 
ที่ครอบครองและประกอบกิจการได้ถูกต้องตามกฎหมาย วิวแบบนี้หายากมากแล้วน้าาา
รายละเอียดให้ไว้ระดับหนึ่งแล้ว
 *** กรุณาอ่านก่อนจ้าา
วิวหลักล้าน – ธรรมชาติแท้ – สงบ ส่วนตัว – เดินทางสะดวก ใครกำลังมองหาโอกาสดีๆ ในชีวิต...ที่นี่อาจเป็นโอกาสนั้นของคุณ
กิจการโฮมสเตย์ + บ้าน 3 ชั้น + ที่ดิน 84.5 ตร.วา ตั้งอยู่ “บ้านแม่แมะ” อ.เชียงดาว จ.เชียงใหม่ เปิดให้บริการมาแล้วกว่า 9 ปี มีฐานลูกค้าอยู่แล้ว พร้อมเทคโอเวอร์ รับช่วงทำธุรกิจต่อได้ทันที
จุดเด่นที่ไม่เหมือนใคร:
• ติดริมธารน้ำตก ห่างเพียง 4 เมตร น้ำใสเย็นไหลผ่านหน้าบ้านตลอดปี ไม่มีแห้ง
• อยู่ในชุมชนป่าที่สงบ ไม่พลุกพล่าน แต่ไม่กันดาร
• ทางเข้าหมู่บ้านเป็นถนนคอนกรีตตลอดสายรถยนต์/มอเตอร์ไซค์เข้าได้สบาย
• ไม่อยู่ในเขตอุทยาน, น้ำไม่ท่วม, ทิศทางน้ำปลอดภัยจากน้ำป่า
• มีไฟฟ้า น้ำประปาภูเขา WiFi และสัญญาณมือถือครบทั้ง True/AIS
• เดินทางจากเชียงใหม่เพียง 80 กม. / จากตัวอำเภอเชียงดาว 14 กม.
รายละเอียดบ้าน:
• บ้านไม้ 3 ชั้น
• มี 4 ห้องพัก (1 ห้องใหญ่ + 3 ห้องเล็ก)
• ห้องน้ำในตัวทุกห้อง
• มีระเบียงริมน้ำ (เทอเรส) 3 จุด – วิวสุดปัง!
• สามารถต่อเติมเพิ่มห้องได้อีก 4-5 ห้อง 
ราคาเทคโอเวอร์กิจการเพียง 7.9 ล้านบาท (ราคาคุยกันได้) เจ้าของขายเอง ไม่ผ่านนายหน้า (แต่รับนายหน้านะคะ) 
เอกสาร : สค.1 / มีบ้านเลขที่ / ทะเบียนบ้าน / จดทะเบียนพาณิชย์แล้ว
เหตุผลที่ขาย (จากใจเจ้าของ):
เจ้าของเป็นแม่เลี้ยงเดี่ยว ดูแลลูกพิการทางสมองคนเดียว ไม่มีญาติพี่น้องที่นี่  ถ้าลูกป่วยเข้า ICU เมื่อไหร่ก็ต้องปิดบ้านทุกครั้ง ลูกโตขึ้นทุกวัน ต้องอุ้มตลอดเวลาเพราะพื้นที่บ้านไม่สามารถใช้รถเข็นหรือวีลแชร์ได้ จึงจำเป็นต้องย้ายกลับภูมิลำเนาเพื่อความปลอดภัยของลูกและตัวเอง
ใครกำลังมองหาธุรกิจในที่ที่เต็มไปด้วยพลังธรรมชาติ คนพื้นที่น่ารัก มีเสน่ห์เฉพาะตัว พร้อมเริ่มต้นชีวิตใหม่อย่างมั่นคง นี่คือโอกาสของคุณ จะซื้ออยู่เอง หรือทำต่อเป็นกิจการก็ได้เลยทันที (ยังเปิดบริการตามปกติระหว่างรอผู้ซื้อ)
สนใจติดต่อ: Inbox หรือโทร: 098-760-7234 / 093-597-5362 พร้อมพูดคุยตรงไปตรงมา ยินดีรับฟังทุกข้อเสนอค่ะ"
https://www.facebook.com/groups/322977734828852/posts/2438141559979115/,"ขายบ้านหรู 3 ชั้น แม่ริม เชียงใหม่ ราคาพิเศษ 8.9 ล้าน 
ลดจาก 12 ล้าน 
 บ้านหรูสไตล์รีสอร์ท ตกแต่งใหม่ วิวภูเขาล้อมรอบอลังการ
 ทำเลทอง ตรงข้าม Four Seasons Resort & Hotel และติด โรงแรมแม่ริมลากูน
 รายละเอียดตัวบ้าน
ที่ดิน 162 ตร.ว.
พื้นที่ใช้สอย 595 ตร.ม.
6 ห้องนอน | 5 ห้องน้ำ
2 ห้องรับแขก | ห้องทานอาหาร
Home Theater | ห้องทำงาน | ห้องเอนกประสงค์
2 ครัวใหญ่ + Island | ห้องเล่นพูล | ห้องพระ
ห้องซาวน่า | 3 ห้องเก็บของ
 ของแถมมูลค่ากว่า 3 ล้านบาท
แอร์ 9 เครื่อง
ทีวี 85 นิ้ว 3 เครื่อง
เครื่องฟอกอากาศ PM2.5
เฟอร์นิเจอร์บิ้วอินทั้งหลัง
ลิฟต์ขนของ 3 ชั้น
โต๊ะพูล 9 ฟุต
เครื่องเสียง Surround + Home Theater
CCTV 8 ตัว
EV Charger พร้อมมิเตอร์
Wi-Fi ครอบคลุมทั้งบ้าน
สนามบาสพร้อมแป้น
 ราคาพิเศษเพียง 8.9 ล้านบาท (จาก 12 ล้าน)
 ติดต่อ:
Tel. 099-7834330 (นาย) 
LINE ID: nine-nine1868
---
 Luxury 3-Storey House for Sale – Mae Rim, Chiang Mai 
 Price reduced: 12M → Now only 8.9M THB 
 Newly renovated luxury resort-style home, surrounded by stunning mountain views.
 Prime location: Opposite Four Seasons Resort & Hotel, next to Mae Rim Lagoon Hotel
 Property Details:
Land size: 162 sq.wah (648 sq.m)
Living area: 595 sq.m
6 Bedrooms | 5 Bathrooms
2 Living rooms | Dining room
Home Theater | Office | Multipurpose room
2 Large kitchens with island | Pool table room | Prayer room
Sauna room | 3 Storage rooms
 Free premium furniture & appliances worth 3M+ THB:
9 Air-conditioners
Three 85-inch Smart TVs
PM2.5 Air Purifier
Built-in furniture throughout
3-storey service lift
9-foot Pool table
Surround sound system + Home Theater
CCTV (8 cameras)
EV charging station with meter
Full Wi-Fi & internet coverage
Basketball court with hoop
 Special price: 8.9M THB only! (Down from 12M)
 Contact:
Tel. 099-7834330 (Mr. Nine) 
LINE ID: nine-nine1868"
https://www.facebook.com/groups/322977734828852/posts/2438186773307927/,"หาบ้านเช่าโซนเซนเฟส รวมโชค หรือหลังพายัพ
ใช้เป็นออฟฟิศ ถ่ายคลิปอาหาร ขอมึเคาน์เตอร์ครัว"
https://www.facebook.com/groups/322977734828852/posts/2438195106640427/,"ขายบ้าน สันกำแพงสายเก่า ￼ ใกล้ถนนคนเดินสันกำแพง ใกล้ติดข่วงสันกำแพง
ปรับปรุงใหม่ทั้งหลัง ประตูหน้าบ้านไม้สักทุกบาน จะอยู่อาศัยหรือทำร้านอาหาร คาเฟ่ ก็ได้ ติดถนน ตรงข้าม มีที่สาธารณะจอดรถได้ 5-6คัน
- ขนาด 44 ตรว 3 ห้องนอนแอร์ทุกห้อง 3 ห้องน้ำ 1 ห้องครัวใหญ่
ราคา 3.9ล้าน ค่าใช้จ่าย ณ สนง ที่ดินคนละครึ่ง
สนใจติดต่อ 0629565559
Line: chanwipt"
https://www.facebook.com/groups/322977734828852/posts/2438259139967357/,"ราชรสติ๋มซำ ไดร์ฟทรู ตามหาพื้นที่เช่า เพื่อขยายสาขา โดยต้องการพื้นที่ศักยภาพ  2 ทำเล จ.เชียงใหม่
1.ในเมือง : โซน มช/เมญ่า/เจ็ดยอด
ได้แล้วค่ะ
2.หางดง : โซนกาดฝรั่ง  หน้ากว้าง ติดถนนใหญ่
***เน้นก่อนถึงกาดฝรั่ง รัศมี1กิโลเมตร จากเมือง**
ต้องการที่ดินพร้อมสิ่งปลูกสร้าง ขนาด600ตรม.+ พร้อมที่จอดรถยนต์ 20-30คัน
หน้ากว้าง ติดถนนใหญ่เท่านั้น ไม่เข้าซอย น้ำไม่ท่วม
งบไม่เกิน60,000เดือน แต่ทำสัญญาระยะยาว
 เจ้าของหรือ Agent เสนอรายละเอียดผ่านIbได้เลยค่ะ 
พื้นที่ใดที่ทางบริษัทสนใจ จะใช้เวลาในการให้ทีม เข้าชมพื้นที่ค่ะ"
https://www.facebook.com/groups/322977734828852/posts/2438350193291585/,นายหน้าหาที่ดินให้ลูกค้า แม่เหียะ สุเทพ สันผีเสื้อ ราคาไม่เกิน 1.6 ลบ
https://www.facebook.com/groups/322977734828852/posts/2438358779957393/,"ช่วยลูกค้าหาซื้อบ้านใน vararom premium City Hall ขอ4ห้องนอนนะครับ ขอบคุณครับ
และหาซื้อ Supanich condo ขอแบบไม่ใช่ห้อง สตูดิโอครับ ขอบคุณครับ"
https://www.facebook.com/groups/322977734828852/posts/2438381789955092/,หาที่ดินไม่เกิน20ไร่ค่ะ เขตเชียงใหม่ ไม่ไกลจากตัวเมืองมาก มีเสนอมาหน่อยค่ะ
https://www.facebook.com/groups/322977734828852/posts/2438392109954060/,"ขายที่ดินเปล่าหางดงบ้านแหวนถมแล้ว น้ำไฟพร้อมสร้างบ้านได้เลย 98.6 ตารางวา
ราคา 1.8 ล้าน น้ำไม่ท่วม
เจ้าของขายเองสนใจสอบถามได้ค่ะ"
https://www.facebook.com/groups/322977734828852/posts/2438400566619881/,"พูลวิลล่า สุดหรู วิวดอยสุเทพ 
พิกัดสันผีเสื้อ อ.เมืองเชียงใหม่
เดินทางสะดวก ใกล้วงแหวนรอบ 2 และ 3
# ขาย 15.68 ล้านบาท
# จองเพียง 80,000 บาท
 บ้านปลอดฝุ่น
 4 ห้องนอน 5 ห้องน้ำ 
 1 ห้องแม่บ้าน + ห้องน้ำ
 1 ครัวไทย 1 ครัวตะวันตก
 ที่ดิน 142.5 ตรว.
 พื้นที่ใช้สอย 408 ตรม.
 สระว่ายน้ำระบบเกลือ 4x8 ม.
 ผนังก่ออิฐมอญ แข็งแรงทนทาน 
 ตอกเสาเข็ม
 ฉนวนกันความร้อน
 ห้องรับแขกกว้าง โถงสูง 6 เมตร Double space
 ผนังดับเบิ้ลวอลล์
 ที่จอดรถ 6 คัน 
 EV Charger
 ระบบรดน้ำสวนอัตโนมัต
 สนามหญ้าหน้าบ้าน
 ประตูรีโมท
  # ใกล้สถานที่สำคัญ
 โรงเรียนนานาชาตินภาพายัพ 4 นาที
 ศูนย์ราชการจังหวัดเชียงใหม่ 10 นาที
 ตลาดรวมโชค 9 นาที
 โลตัสรวมโชค 9 นาที
 เซ็นทรัล เฟสติวัล 10 นาที
 โรงพยาบาลกรุงเทพ 14 นาที
 เข้าเมือง 13 นาที
รายการของแถม
 ฟรีค่าธรรมเนียมการโอน
 ปั๊มน้ำ
 แท็งก์น้ำ
 มิเตอร์น้ำ
 มิเตอร์ไฟ
 เคาร์เตอร์ครัว
 เตาแก๊ส
 ฮูดดูดควัน
 ระบบท่อ + น้ำยากันปลวก
 ปูสนามหญ้า
 พื้นโรงรถคอนกรีตพิมพ์ลาย (stamp concrete)
 แอร์ 5 ตัว
 กล้อวงจรปิดภายนอกบ้าน 4 จุด
# สนใจสอบถามเพิ่มเติม
084-3497922
ผมต้อม ครับ
Luxurious pool villa with Doi Suthep view
Location: San Phisuea Mueang Chiang Mai District
Conveniently located near Ring Road 2 and 3
# For sale: 15.68 million baht
# Reserve now for only 80,000 baht
 Dust-free house
 4 bedrooms, 5 bathrooms
 1 maid's room + bathroom
 1 Thai kitchen, 1 Western kitchen
 Land area: 142.5 sq wah
 Usable area: 408 sq m
 4x8 m saltwater swimming pool
 Durable brick walls
 Piled foundations
 Heat insulation
 Spacious living room with a 6-meter high hall with double space
 Double wall
 Parking for 6 cars
 EV charger
 Automatic garden watering system
 Front lawn
 Remote-controlled gate
# Near important places
 Naphayat International School 4 minutes
 Chiang Mai Provincial Government Center 10 minutes
 Ruamchok Market 9 minutes
 Lotus Ruamchok 9 minutes
 Central Festival 10 minutes
 Bangkok Hospital 14 minutes
 City center 13 minutes
Freebies
 Free transfer fee
 Water pump
 Water tank
 Water meter
 Electric meter
 Kitchen counter
 Gas stove
 Range hood
 Plumbing system + termite repellent
 Lawn planting
 Stamped concrete garage floor
 5 air conditioners
 4 outdoor CCTV cameras
# For more information, please contact us at 084-3497922
I'm Tom."
https://www.facebook.com/groups/322977734828852/posts/2438420643284540/,"รับผู้แนะนำ ,ผู้ซื้อ  หรือนายหน้า ขายที่ดินเชียงใหม่  ที่มีจุดเด่น สมราคา สนใจทักมาค่ะ รับทั้ง ชซื้อขาย เช่าระยะยาว  ร่วมลงทุนที่มีอนาคต ทักมาได้ค่ะ เจ้าของที่ดิน"
https://www.facebook.com/groups/322977734828852/posts/2438422596617678/,"สัมผัสวิวสวยแบบ Wowwww
กับธรรมชาติอันบริสุทธิ์ที่สุดอีกแห่งหนึ่ง กับที่ดินกลางหุบเขา ที่โอบล้อมด้วยเขาเกือบ 360 องศา แบบชิดๆ ติดๆเขา ที่มี โฉนดที่ดิน หายากแล้วในเชียงใหม่ครับ
      #อำเภอแม่แตง เชียงใหม่ Chiang Mai 
      หากคุณกำลังมองหาพื้นที่ส่วนตัว สร้างบ้านสำหรับทุกคนในครอบครัว หรือบ้านพักตากอากาศ รีสอร์ท 
พูลวิลล่า ฟาร์มสเตย์ #อาณาจักรส่วนตัว ที่ให้คุณได้หลีกหนีความวุ่นวาย มาใช้ชีวิตใกล้ชิดธรรมชาติ และเป็นเซฟโซนที่ดี ที่นี่ อาจเป็นคำตอบของคุณ  
      มีพื้นที่สูงและที่นาสูงกว่าที่นาทั่วไป สโลปเนินเขา
ไม่ต้องถม สามารถออกแบบปรับสภาพที่ดินภายในแปลงได้ จะสวนดอกไม้ ปลูกผัก ผลไม้ เพื่อการท่องเที่ยว ปลูกได้ที่นี่ #เขตติดต่อ ต.สะลวง อ.แม่ริม
ที่นี่ ดินดี น้ำดี อากาศดีทั้งปี
 ที่ดิน 11 ไร่ 2 งาน 22 ตารางวา รังวัดปักเขตชัดเจน
 หมู่ที่ 1 ต.สันป่ายาง อ.แม่แตง จ.เชียงใหม่ 
      โซนที่พักผ่อนสุดสงบ บ้านพักตากอากาศ
 ติดเขา วิวสวย อากาศดี ล้อมรอบด้วยธรรมชาติ
 ลำเหมืองน้ำใส ไหลรอบที่ดิน เพิ่มความสดชื่น
เทือกเขาต่อเนื่องจากดอยสุเทพ สุเทพ-ปุย
 #ที่ดินติดทางสาธารณประโยชน์ #ไฟฟ้าถึงที่ดิน
เดินทางสะดวกสบาย ไม่เปลี่ยว
*พร้อมมีเพื่อนบ้านน่ารักๆ อยู่ได้อย่างปลอดภัย
 ขายราคาพิเศษยกแปลง 9,800,000
 ไร่ละประมาณ 850,000
    《เท่ากับตารางวาละประมาณ 2,100 บาท 》
 #โฉนดที่ดิน(ครุฑแดง)
-------------------------------------------------------------------
 พิกัดแปลง 
#เข้าซอยหนองบัวซอย6 (ข้างวัดหนองบัวน้อย)
________________________________________
ไม่ไกลศาลากลางจังหวัดเชียงใหม่ ตัวเมืองเชียงใหม่ 31กม.เดินทางสะดวก มีชุมชนตลอด เส้นบ้านสะลวง 
สนามบินเชียงใหม่ประมาณ 40 กม.
ไม่ไกลที่ว่าการอำเภอแม่ริม(ที่ดินอยู่เขตติดต่อ
ตำบลสะลวง)มีหมู่บ้านตลอดเส้นทาง 21 กม.
หรือขับจากแอร์ ไดมอนด์ คาเฟ่(ค่าเฟ่เครื่องบิน)แม่แตง เดินทางสะดวก รวดเร็ว 14 กม.เส้นปาย
ที่สำคัญ ใกล้วัดสันป่ายาง ชุมชนบ้านสันป่ายาง โรงเรียนสันป่ายางวิทยาคาร โรงพยาบาลส่งเสริมสุขภาพ ที่ทำการไปรษณีย์ ตลาด ที่นี่มีครบ
 สนใจติดต่อ พี่บอย โทร/ไลน์ 081-981-3838
      #ทักข้อความหรือโทรตรงนัดดูที่ดิน คุยรายละเอียดได้ตลอด มีรูปและภาพบินโดรนเพิ่มเติมให้ครับ
 ________________________________________
*ยินดีรับนายหน้าช่วยทำการขาย3%
#ที่ดินกลางหุบเขา #ที่ดินวิวเขา #ที่ดินติดเขา #ที่ดินราคาถูก #ที่ดินไร่ละไม่ถึงล้าน #ลงทุนอสังหาฯ"
https://www.facebook.com/groups/322977734828852/posts/2438427346617203/,"โฉนด 2ไร่กว่า ขายถูก
2.8 ล้าน (ตรว.3,122)
บ้านสวน ต.แม่โป่ง ดอยสะเก็ด เข้าเมือง 20 กม.
ติดถนนเลียบคลองส่งน้ำ ทางหลวงชนบท4039
ใกล้ รร.ป่าไม้แดง 1กม. ใกล้ที่ว่าการอำเภอ 5กม. 
 เหมาะสำหรับทำบ้านพัก บ้านสวน 
ร้านอาหาร ร้านกาแฟ คาเฟ่ โฮมสเตย์
#แค่ที่ดินก็คุ้มแล้ว #เหมือนได้แถมบ้านฟรี
 ถูกกว่าที่ดินเปล่า เฉลี่ย ตรว.ละ 3,122 
 ที่ดินเปล่าในย่านนี้ ตรว.ละ 5,000-6,000
 เหมือนได้แถมบ้านสวนหลังใหญ่ไปฟรีๆ 
 ลดราคา ขายถูกมาก #งดต่อรองค่ะ
___________________
 โฉนด เนื้อที่ 2-0-97 ไร่ (897 ตร.ว)
 หน้ากว้างประมาณ 33 เมตร ลึก 105 เมตร
 บ้าน 3 ห้องนอน 2 ห้องน้ำ พื้นที่ 200 ตร.ม.
 ติดถนนเลียบคลองส่งน้ำ (ทางหลวง 4039)
 มีต้นลำไย มะม่วง ต้นไผ่ ลิ้นจี่ ต้นไม้ใหญ่
 มีบ่อปูนสำหรับเลี้ยงปลา
 มีห้องน้ำนอกบ้าน 1 ห้อง
 มีโครงสร้างบ้านปูนเก่า 1 หลัง
 มีไฟฟ้า ประปา 
 ที่นี่น้ำไม่ท่วมค่ะ
 อยู่ในชุมชน มีเพื่อนบ้านไม่เปลี่ยว
* ขายเพราะสูงอายุ อยู่คนเดียวไม่มีเวลามาดูแล
____________________
ที่ตั้ง:  บ้านป่าไม้แดง
- ต.แม่โป่ง อ.ดอยสะเก็ด จ.เชียงใหม่
- พื้นที่ติดกับ ต.ป่าป้องดอยสะเก็ด
- ติดทางหลวงชนบท 4039 (เลียบคลองชล)
- ใกล้ที่ว่าการดอยสะเก็ด 5กม.
- เข้าตัวเมือง 20 กม. 
- อยู่ในชุมชนมีเพื่อนบ้าน ใกล้โรงเรียน ร้านค้า 
ตลาดนัด วัด ร้านอาหาร ร้านกาแฟ ฯลฯ
 รับนัดเฉพาะลูกค้าที่นัดล่วงหน้าเท่านั้น
เจ้าของของดแจ้งพิกัด หากไม่ได้นัดหมาย
เพื่อความเป็นส่วนตัวและความปลอดภัยค่ะ
____________________
ขายถูก 2,800,000 (ถูกกว่าที่ดินเปล่า)
เป็นราคาที่ถูกมากแล้ว จึงงดต่อรองแล้วค่ะ
ค่าภาษีและค่าใช้จ่ายโอนทั้งหมดหารครึ่ง
นัดชมล่วงหน้าทางโทรศัพท์และ Line
 @cmlandhouse
 0870846961
#ขายที่ดินเชียงใหม่  #ขายที่ดินเปล่า 
#บ้านมือสองเชียงใหม่"
https://www.facebook.com/groups/322977734828852/posts/2438428443283760/,"#สำหรับผู้ที่ต้องการซื้อที่ดินในเมืองลำปาง
ราคา*: 990,000 บาท สำหรับที่ดินขนาด 180 ตารางวา ซึ่งเท่ากับตรว.ละ 5,500 บาท
ทำเล*: ติดตัวเมืองลำปางหลังโรงเรียนกีฬา อ.เมือง จว.ลำปาง ซึ่งเป็นทำเลที่ดีและใกล้กับสถานที่สำคัญ
ทางเข้ากว้างขวาง*: ทำให้สามารถเข้าออกได้สะดวก
หากคุณสนใจซื้อที่ดินแปลงนี้ คุณสามารถติดต่อผู้ขายได้ที่เบอร์ 0936656144 เพื่อขอข้อมูล"
https://www.facebook.com/groups/322977734828852/posts/2438430066616931/,"ด่วนลดราคาพิเศษ!!! ขายสวนลำไย 54 ไร่ ทางเข้าหล่ายฝางตรงข้าม 7-11 ถึงหมู่บ้านเด่น ต.แม่ข่า อ.ฝาง จ.เชียงใหม่
-น้ำ ไฟฟ้าเข้าถึง
- มีบ้าน 2 หลัง
-บ่อน้ำ 2 บ่อ
เจ้าของขายเอง เหมาะเก็บไว้หรือปล่อยเช่า
*ไร่ละ185000 ซื้อสดหรือโอน รับได้หมด
เบอร์โทรติดต่อ 0979819300 คุณโจว หรือทักแชท
ค่านายหน้า 3%"
https://www.facebook.com/groups/322977734828852/posts/2438431066616831/,"ขายที่ดิน2-2-26ไร่วงแหวนรอบ-2หน้าศูนย์ราชการเชียงใหม่ขาไปรวมโชคห่างถนนใหญ่50เมตรนํ้าไม่เคยท่วมถมดินแล้วต.ร.วละ35,000พร้อมโอน"
https://www.facebook.com/groups/322977734828852/posts/2438431183283486/,"ขายบ้านหลังใหญ่สไตล์อังกฤษ อบอุ่นสวยงามดุจเทพนิยาย 
 3 ห้องนอน 4 ห้องน้ำ
 ขนาดที่ดิน 76 ตารางวา
 ฟังก์ชั่นบ้านถูกออกแบบมาอย่างลงตัว ด้วยสถาปนิกมืออาชีพ ตกแต่งครบทั้งหลัง พร้อมอยู่
 อยู่ในโครงการหมู่บ้านที่น่าอยู่ มีการดูแล ด้วยนิติบุคคลโครงการ
 ราคาขาย 14.8 ล้านบาท 
สนใจติดต่อสำนักงานขาย 061-038-7666 / 096-684-9968"
https://www.facebook.com/groups/322977734828852/posts/2438435773283027/,"กู้ธนาคาร ไม่ตรวจเครดิต
จำนอง/ขายฝาก กับธนาคาร
ไม่ตรวจเครดิต
ทรัพย์ติดภาระก็กู้ได้ / รับทั่วประเทศ
ขอเพียงมีทรัพย์ค้ำประกัน
สอบถามเพิ่มเติม
datasawitri"
https://www.facebook.com/groups/322977734828852/posts/2438436289949642/,"𝗔𝗦𝗔𝗪𝗔 𝗣𝗼𝗼𝗹  𝗩𝗶𝗹𝗹𝗮 Mountian View
พูลวิลล่า สุดหรู วิวดอยสุเทพ เขตอำเภอเมือง 
เดินทางสะดวก ใกล้เซ็นเฟสเพียง 10 นาที
     เพียง 15.68 ล้านบาท พร้อมเฟอร์ 18.5 ล้านบาท
 บ้านปลอดฝุ่น
 4 ห้องนอน 5 ห้องน้ำ 
 1 ห้องแม่บ้าน + ห้องน้ำ
 1 ครัวไทย 1 ครัวตะวันตก
 ที่ดิน 142.5 ตรว.
 พื้นที่ใช้สอย 408 ตรม.
 สระว่ายน้ำระบบเกลือ 4x8 ม.
 ผนังก่ออิฐมอญ แข็งแรงทนทาน 
 ตอกเสาเข็ม
 ฉนวนกันความร้อน
 ห้องรับแขกกว้าง โถงสูง 6 เมตร Double space
 ผนังดับเบิ้ลวอลล์
 ที่จอดรถ 6 คัน 
 EV Charger
 ระบบรดน้ำสวนอัตโนมัต
 สนามหญ้าหน้าบ้าน
 ประตูรีโมท
 ใกล้สถานที่สำคัญ
 โรงเรียนนานาชาตินภาพายัพ 4 นาที
 ศูนย์ราชการจังหวัดเชียงใหม่ 10 นาที
 ตลาดรวมโชค 9 นาที
 โลตัสรวมโชค 9 นาที
 เซ็นทรัล เฟสติวัล 10 นาที
 โรงพยาบาลกรุงเทพ 14 นาที
 เข้าเมือง 13 นาที
 เข้าออกได้หลายเส้นทาง
 วงแหวนรอบ 2 (ถ.สมโภชเชียงใหม่ 700 ปี)
 วงแหวนรอบ 3 (ถ. รอบเมืองเชียงใหม่)
รายการของแถม
 ฟรีค่าธรรมเนียมการโอน
 ปั๊มน้ำ
 แท็งก์น้ำ
 มิเตอร์น้ำ
 มิเตอร์ไฟ
 เคาร์เตอร์ครัว
 เตาแก๊ส
 ฮูดดูดควัน
 ระบบท่อ + น้ำยากันปลวก
 ปูสนามหญ้า
 พื้นโรงรถคอนกรีตพิมพ์ลาย (stamp concrete)
 แอร์ 5 ตัว
 กล้อวงจรปิดภายนอกบ้าน 4 จุด
               จองเพียง 80,000 บาท
ทางเราบริการดำเนินเอกสารและสินเชื่อให้ค่ะ
โทร 083-1524366 คุณแหม่ม"
https://www.facebook.com/groups/322977734828852/posts/2438437469949524/,"#ตัดใจขายบ้านพักตากอากาศที่เชียงใหม่ครับ
 ไม่มีเวลาดูแลและบริหารจริงๆครับผม
#เอกสารโฉนดครุฑแดงพร้อมโอน มีลำธารและภูเขาล้อมรอบ วิวส่วนตัวแบบนี้หาไม่ได้อีกแล้วครับ ที่สำคัญน้ำไม่ท่วมและไม่มีทางท่วม
 เนื้อที่ 1-1-14 ไร่(รวมที่ครอบครองใช้สอยทั้งหมดประมาณ 2 ไร่)  พิกัดเชียงดาว บ้านพักอยู่ติดถนนสายหลัก เส้นเชียงดาว-พร้าว #เดินทางสะดวกมากกก (เจ้าของขายเองครับ)
**ขายเนื่องจากทำธุรกิจหลายอย่างอยู่ในเมืองเชียงใหม่และไม่มีเวลาเข้ามาดูแลบริหารจัดการครับ**
     สามารถเปิดให้เช่าเป็นบ้านพักตากอากาศแบบส่วนตัวได้ หรือเหมาะสำหรับท่านที่กำลังมองหาบ้านพักส่วนตัวเงียบสงบและปลอดภัย อยู่ท่ามกลางธรรมชาติใกล้ชุมชน สามารถชมวิวพระอาทิตย์ตกดินได้ทุกวัน แต่ละฤดูบรรยากาศไม่เคยซ้ำ (บางฤดูสวยแบบอลังการมากๆ) อยากจะบอกว่าวิวดีมากจริงๆ และอากาศเย็นสบายตลอดทั้งปี “ช่วงฤดูฝนทะเลหมอกสวยมากกก”
ในช่วงฤดูหนาวอากาศ 5-12 องศา และ ช่วงฤดูฝน/ร้อน ช่วงกลางคืน 15-25 องศา นอนดูดาวได้ตลอดทั้งปี เห็นดาวชัดมากๆครับ
**รายละเอียดที่พักคร่าวๆนะครับ**
บ้านพักA-Frame House 1 หลัง 2 ชั้น 
2 ห้องนอน 2 ห้องน้ำ 1 ห้องครัว
โซนOutdoor มี 7 ห้องน้ำ/อาบน้ำพร้อมเครื่องทำน้ำอุ่น ไว้รองรับแขกสำหรับกางเต๊นท์
มีตู้คอนเทนเนอร์ขนาดกลาง 1ตู้ รีโนเวทพร้อมอาศัย
ห้องสต็อคเก็บของ 1 ห้อง (อยู่ข้างตู้คอนเทนเนอร์)
••••••••••••••••••••••••••••••••••••••••••
**สิ่งอำนวยความสะดวกและเฟอร์นิเจอร์พร้อม**
•อ่างอาบน้ำ 1 อ่าง ชมวิวชั้น 2  
•ชุด Shower 2 ชุด ชั้น 1 และ 2 
•แอร์ 2 ตัว ชั้น 1-2 
•มี Internet+Wifi
•มีกล้องวงจรปิด CCTV สามารถดูผ่านมือถือได้
•เครื่องทำน้ำอุ่น 8 เครื่อง เครื่องทำน้ำร้อน 1เครื่อง
•ชุดที่นอนผ้าปู,หมอน,ที่นอนอย่างดี
•อุปกรณ์เครื่องใช้ไฟฟ้าทุกอย่าง
•ระบบน้ำ2ระบบ บาดาล+ประปา แทงค์น้ำ 4,000 ลิตร
•เครื่องกรองน้ำชุดใหญ่เต็มระบบ
•ปั๊มน้ำ 2 ตัว
•ระบบไฟฟ้าเดินสายไฟใต้ดิน สั่งงานผ่านแอพพลิเคชั่น
•มีระบบไฟส่องสว่างโซลาร์เซลล์รอบพื้นที่
•เฟอร์นิเจอร์ อุปกรณ์เครื่องใช้ทุกอย่าง
#ขออนุญาตตัดใจ ขายในราคา 5 ล้าน บาท เท่านั้น!(ค่าโอนคนละครึ่งครับ)
 Selling for 5 million baht.
 Location: Chiang Dao, Ping Khong, Pang Mayao
พิกัด ต.ปิงโค้ง อ.เชียงดาว บ้านพักอยู่ในเขตชุมชนหมู่บ้านปางมะเยา  ใกล้ร้านอาหารและร้านขายของชำสะดวกสบายมากๆครับ ไม่เปลี่ยวไม่เหงา ใกล้สถานที่ท่องเที่ยวมากมาย
——————————————————
ระยะเวลาในการเดินทาง
ที่ทำการผู้ใหญ่บ้าน 150 เมตร
สถานีอนามัยบ้านปางมะเยา 800 เมตร
โรงพยาบาลเชียงดาว 15 นาที
วัดพระธาตุดอยวิสุทธิญาณ 5 นาที(วิวดอยหลวงสวยมาก)
น้ำพุร้อนบ้านหนองครก 15 นาที
 อุทยานแห่งชาติผาแดง 30 นาที
 น้ำตกศรีสังวาลย์ 30 นาที
ฮิโนกิแลนด์ 30 นาที
ดอยหลวงเชียงดาว 35 นาที
 พระสถูปเจดีย์พระนเรศวรมหาราชานุสรณ์15นาที
 วัดพระธาตุดอยมอญจิ่ง 20 นาที
 วัดถ้ำผาปล่อง 20 นาที
 โป่งน้ำร้อนบ้านยางปู่โต๊ะ 20 นาที
ตัวเมือง อ.เชียงดาว 20 นาที
ตัวเมือง อ.พร้าว 20 นาที
บ้านอรุโณทัย 40 นาที
บ้านแม่แมะ 40 นาที
 ดอยแม่ตะมาน สันป่าเกี๊ยะ 1 ชม.
ตัวเมืองฝาง 1 ชม.
ดอยค้ำฟ้า 1.10 ชม.
ตัวเมืองคอง 1.30 ชม.
ถ้ำเชียงดาว 20 นาที
ดอยอ่างข่าง 1.20 ชม.
ตัวเมืองเชียงใหม่ 1.20 ชม.
คาเฟ่และสถานที่เที่ยวที่น่าสนใจต่างๆอีกมากมาย
สนใจติดต่อ
โทร0985453473หมิว
ไลน์0985453473หมิว"
https://www.facebook.com/groups/322977734828852/posts/2438440523282552/,"ขายบ้านพร้อมที่ดิน - สายสันกำแพงเก่า
 โอกาสดีมากในการเปิดธุรกิจ 
 3.9 ลบ. (ค่าธรรมเนียมการโอนครึ่งหนึ่งที่สำนักงานที่ดินระหว่างเจ้าของและผู้ซื้อ)
 44 ตารางวา 
3 ห้องนอน
1 ห้องน้ำ 
ครัวขนาดใหญ่ 
มีแอร์ทุกห้อง 
 บริเวณใกล้เคียง 
ถนนคนเดินสันกำแพง
For sale - renovated house with a  unique style with front doors teak wood
Great opportunity for opening businesses 
3.9 MB (Half transfer fees at the land office between owner & buyer)
 44sqw. 
3 Bedrooms
1 Bathroom 
Large kitchen 
Air cons in all room 
 Nearby 
Sankampeang walking street
Viewing/More information 0882600560
ข้อมูลเพิ่มเติม 0882600560"
https://www.facebook.com/groups/322977734828852/posts/2438442459949025/,"#จะผ่อนก็ได้ ซื้อสดลด10%
ที่ดินถมแล้ว น้ำ-ไฟครบ  หน้ากว้าง 135 เมตร
ต.หนองหนาม อ.เมือง จ.ลำพูน
.
#ที่ดินสวย #ถูกและดี #ในทำเลเจริญ
 ปกติ 3 ปัจจัยนี้มักจะไม่มาด้วยกัน ผมเห็นด้วยครับ จากประสบการณ์ทำอสังหามา17 ปี
 .
แต่ แต่ แต่!!! 
ไม่ใช่กับที่ดินแปลงนี้ครับ 
ผ่านมาตราฐานทุกข้อที่กล่าวมาทั้งหมด
.
ไม่ว่าจะเป็น
1.รูปทรงที่ดิน สี่เหลี่ยมเป้ะๆ
2. หน้ากว้าง ขนานถนนลาดยางถึง135 เมตร
3.เป็นแปลงมุม
4.สาธารณูประโภคพื้นฐานครบ น้ำ ไฟ ท่อระบายน้ำ
5.อยู่ใกล้ร้านค้าแบรนดังทุกแบรน
6.ติดหน่วยงานราชการ(สำนักงานเทศบาล)
7.รายล้อมไปด้วย หมู่บ้านสร้างใหม่เกิน200 หลัง(แปลงนี้เป็นไข่แดง)
8.ถมแล้ว
9. #สำคัญสุด ราคาดีเยี่ยม ผมกล้าท้าให้เช็คราคาครับ
.
-----------‐---------------------------------- 
.
ยกแปลง
ขนาด [8-3-45]ไร่ ราคา 20 ล้าน
.
-----------‐---------------------------------- 
 แบ่งแปลง มี3 ขนาด
.
 #ซื้อสดลด10%
 .
กรณีผ่อน
  ดาวน์ 40 เปอร์เซ็น  ผ่อนต่อ 2 ปี
1. แปลงเล็ก 150 ตร.ว    
1.1ล้าน            7333บาท/ตร.ว
.
2. แปลงกลาง 400 ตร.ว    (1ไร่)   
  3.19 ล้าน        7,975บาท/ตร.ว
.
3. แปลงใหญ่ 1816 ตร.ว  (4ไร่ครึ่ง)   11ล้าน        6,057บาท/ตร.ว
.
-----------‐---------------------------------- 
095-656-2235  คุณแบง
#เจ้าของที่ดิน"
https://www.facebook.com/groups/322977734828852/posts/2438446836615254/,ขนาดว่าให้มัน ยังจะให้ทักแชทอยู่คิดเอาเหอะหัวจะปวด
https://www.facebook.com/groups/322977734828852/posts/2438448936615044/,AG หาบ้านพร้อมที่ดิน170-200ตรว โซนแม่เหียะงบ 8ล้าน
https://www.facebook.com/groups/322977734828852/posts/2438452956614642/,บ้านสวยใกล้เทศบาลตำบลตลาดขวัญ
https://www.facebook.com/groups/322977734828852/posts/2438455953281009/,สวยดูดี มีสไตล์
https://www.facebook.com/groups/322977734828852/posts/2438459126614025/,"#สันทรายเชียงใหม่  แถว #ไทวัสดุสันทราย เนื้อที่112ตรว.   จาดดดไป
ห่างจากถนนรอบ3   280เมตร.
ที่ถมแล้ว ติดถนนคอลกีด มีรั้วรอบขอบชิด
เจ้าของขาย2.8ลบ. ราคาคุยกันได้กับเจ้าของครับ
      สนใจสอบถามได้ครับ"
https://www.facebook.com/groups/322977734828852/posts/2438460516613886/,"วางดาวหนึ่งแสน ย้ายเข้าไปอยู่ได้เลย บ้านผ่อนไปอยู่ไป ผ่อนนาน 5 ปี ไม่มีดอกเบี้ย
บ้านปล่าว ไม่รวมเฟอร์นิเจอร์ 1 นอน 2 น้ำ ขนาด 55 ตรว.
ผ่อนไปอยู่ไป ผ่อนตรงกับเจ้าของ
พิกัด บ้านป่าดู่ ม.1 ป่าลาน ดอยสะเก็ด เชียงใหม่"
https://www.facebook.com/groups/322977734828852/posts/2438462009947070/,"บ้านใหม่ หลังใหญ่ ใกล้เมืองเชียงใหม่
ใครกำลังมองหาบ้านที่ดินกว้าง อยู่สบาย ลองดูหลังนี้ค่ะ
ทำเลดีมาก อยู่บ้านสันต้นกอก ดอนแก้ว สารภี
– ใกล้เมืองแค่ไม่กี่นาที
– ขับรถไปออนสมู๊ทแค่ 7 กม.
– ถนนวงแหวนรอบ 3 แค่ 3.5 กม.
– สนามบินเชียงใหม่ 13 กม.
– ใกล้เทศบาลดอนแก้ว 
– อยู่ในชุมชน ไม่เปลี่ยว ไม่ต้องกลัวน้ำท่วม
 มีให้เลือก 2 หลัง (เลือกก่อน ได้หลังที่ใช่ก่อนนะ)
 ที่ดิน 69 ตร.ว.
 ที่ดิน 68 ตร.ว. – ติดถนน ค้าขายได้
พื้นที่ใช้สอย 125 ตร.ม.
3 ห้องนอน / 2 ห้องน้ำ / 1 ห้องครัว / โรงจอดรถ 4 คัน
 ราคา 2.19 ล้านบาทเท่ากันทั้ง 2 หลัง
ของแถมเพียบ พร้อมเข้าอยู่ได้เลย
 ฟรีโอน
 มุ้งลวดทั้งหลัง
 เครื่องทำน้ำอุ่น 2 เครื่อง
 ปั๊มน้ำ + แท้งค์น้ำ
 มิเตอร์น้ำ-ไฟ
 หลังคาโรงจอดรถ
 ประตูรั้วสแตนเลส
 เคาน์เตอร์ครัว
 รางน้ำฝนรอบบ้าน
 หลังคาซีแพค + ฟลอยด์กันความร้อน
 บ้านจริงน่าอยู่ บรรยากาศดี ถ้าชอบบ้านที่เป็นส่วนตัว แต่ไม่โดดเดี่ยว แบบนี้ใช่เลย
 สนใจเข้ามาดูบ้านได้ทุกวัน
โทร: 098-7477209
Line: konkanok.ting
#บ้านเชียงใหม่ #บ้านดอนแก้ว #บ้านสารภี #บ้านใหม่พร้อมอยู่ #บ้านนอกโครงการ #ออนสมู๊ท #บ้านไม่เปลี่ยว #บ้านราคาดีเชียงใหม่ #บ้านสไตล์ปั้นหยา"
https://www.facebook.com/groups/322977734828852/posts/2438463269946944/,"#ที่ดินเชียงใหม่น้ำไม่ท่วม
#ยินดีรับนายหน้าช่วยขาย
ที่ดินเปล่า ทำเลทอง 
ไม่ติดภาระ พร้อมโอน
พื้นที่โซนสีส้ม ซื้อแล้วกำไรทันที
อยู่กลางความเจริญพื้นที่เศรษฐกิจ
เจ้าของไม่มีเวลาดูแล 
อยู่ในซอยเชียงคำ 
เข้าออกสะดวกมีหลายเส้นทาง
ตรงข้ามโรงพยาบาลมหาราชนครเชียงใหม่ ( สวนดอก ) 
อยู่ใกล้ตึกความเป็นเลิศทางการแพทย์
ขายทั้ง 5 แปลง แบ่งขาย
แปลง A  เนื้อที่   93.8  ตรว.    
ตรว.ละ  98,000 บ.   
แปลง B  เนื้อที่   145   ตรว.
ตรว.ละ   97,000 บ.
แปลง C  เนื้อที่   136.7  ตรว.
ตรว.ละ  96,000  บ.             
แปลง D+E  เนื้อที่   206.3  ตรว.  
ตรว.ละ  95,000 บ.                
ซื้อยก 5 แปลง เนื้อที่ 581.7 ตรว.
ราคา 55 ล้านบาท 
( ตรว.ละ 94,550 บ. )
ค่านายหน้า 3 %
ค่าใช้จ่ายของสำนักงานที่ดินทั้งหมด คนละครึ่ง
สนใจติดต่อ 
โทร : 0897008811
พิกัด:   https://maps.app.goo.gl/9nKzpLnyJhRb1mS96?g_st=ic
Prime Land for Sale – Ready to Transfer, No Liens
Located in the Orange Zone, instantly profitable after purchase.
Situated in a thriving economic area, right in the center of development.
Owner has no time to manage.
Located in Soi Chiang Kham
Easy access via multiple routes.
Directly opposite Maharaj Nakorn Chiang Mai Hospital,
Close to the Center of Medical Excellence.
All 5 plots for sale (can be sold separately):
Plot A: 93.8 sq. wah — 98,000 THB/sq.wah
Plot B: 145 sq. wah — 97,000 THB/sq.wah
Plot C: 136.7 sq. wah — 96,000 THB/sq.wah
Plot D+E: 206.3 sq. wah — 95,000 THB/sq.wah
Buy all 5 plots (Total: 581.7 sq. wah)
Price: 55 million THB(Only 94,550 THB/sq.wah)
Commission: 3%
All land office transfer fees split 50/50
Contact: 089-700-8811
Location: https://maps.app.goo.gl/9nKzpLnyJhRb1mS96?g_st=ic 
黄金地段空地出售 – 无负担，随时过户
位于橙色开发区，买下即可获利！
地处经济繁华地带，发展潜力巨大。
业主因无暇管理，现诚意出售。
位于清坎巷（Soi Chiang Kham）
出入方便，有多条路线可通达。
正对面是清迈玛哈拉医院（Maharaj Nakorn Chiang Mai Hospital），
邻近医学卓越中心。
共 5 块地，可整售或分售：
A 区：93.8 平方哇，单价 98,000 铢/平方哇
B 区：145 平方哇，单价 97,000 铢/平方哇
C 区：136.7 平方哇，单价 96,000 铢/平方哇
D+E 区：206.3 平方哇，单价 95,000 铢/平方哇
整套购买 5 块地（总面积：581.7 平方哇）
总价：5,500 万泰铢
（平均仅 94,550 铢/平方哇）
中介佣金：3%
土地厅过户费用由买卖双方各承担一半
有意请联系：089-700-8811
位置：https://maps.app.goo.gl/9nKzpLnyJhRb1mS96?g_st=ic"
https://www.facebook.com/groups/322977734828852/posts/2438464436613494/,"ขายด่วน! บ้านพร้อมที่ดิน
50ตารางวา สันทราย เชียงใหม่
 ทำเลดี บ้านแพะเจดีย์.สันทราย.เชียงใหม่บรรยากาศสงบ ร่มรื่น อยู่สบาย ใกล้ชิดธรรมชาติอยู่ห่างจากตลาดใหญ่เจดีย์แม่ครัว 2 กิโล
 บ้านพร้อมอยู่ 3 ห้องนอน 1ห้องน้ำ โครงสร้างแข็งแรง มีพื้นที่รอบบ้านกว้าง
 เหมาะสำหรับอยู่อาศัย หรือทำบ้านสวนพักผ่อน
 ราคาพิเศษเพียง 550000เท่านั้น.ขายด่วน รีบตัดสินใจก่อนหลุดมือ
 สนใจติดต่อ:0614714667"
https://www.facebook.com/groups/322977734828852/posts/2438468943279710/,"โซนหลังเทศบาลสันผักหวาน
อ.หางดงเชียงใหม่แค่800ม.
#ที่ดินราคาหลักแสน
มี2แปลงขายตรว.13,500-
#เนื้อที่46.6ตรว.629,000-
#เนื้อที่47.3ตรว.638,550-
#ค่าใช้จ่ายในวันโอนรวมทุกอย่าง50/50
นัดชมได้ทุกวันค่ะ
พี่ปุ๊ก098-8497551"
https://www.facebook.com/groups/322977734828852/posts/2438474363279168/,#ทาวโฮมสันกลางใกล้เมืองราคาเบาๆคะ. #ซื้อได้ทุกอาชีพดูแลสืนเชื่อฟรีทุกคั่นตอนคะ
https://www.facebook.com/groups/322977734828852/posts/2438475223279082/,หา 200ไร่ ที่ดินเปล่า ครุฑเเดง เชียงใหม่ เชียงราย
https://www.facebook.com/groups/322977734828852/posts/2438476736612264/,#บ้านสวยราคาเบาๆโซนสันทรายหลวง #ซื้อได้ทุกอาชีพดูแลสินเชื่อฟรีทุกคั่นตอนคะ
https://www.facebook.com/groups/322977734828852/posts/2438477333278871/,"ทาวน์โฮมให้เช่า #ใจกลางนิมมาน เหมาะเช่าทำธุรกิจAirbnb ไม่มีค่าเซ้ง
55,000 บาท/เดือน ฟรี Wifi
2นอน 3น้ำ 1นั่งเล่น 1ทำงาน 1ครัว 2ที่จอดรถ
พื้นที่ใช้สอย 250 ตรม.
#เฟอร์นิเจอร์ครบ ไม่ต้องซื้อของเข้าเพิ่ม
ย่านนีัปกติเซ้งหลังแสน ตึกนี้ไม่ต้องเซ้งและเก็บประกันไม่แรง พร้อมเข้ามารันต่อ
สัญญาเช่าระยะยาวได้ (ประกัน2+ล่วงหน้า1)
เลี้ยงสัตว์ได้
ทำAirbnbได้
ทำเลดีที่สุด 450ม.ถึงวันนิมมาน ย่านคาเฟ่ ร้านเหล้า
สนใจติดต่อแจง 063-1923364 ( โทร/ไลน์)
#นิมาน #สุเทพ #airbnb #chiangmai #Nimman"
https://www.facebook.com/groups/322977734828852/posts/2438479919945279/,"Finn condo ท่าศาลา
    ให้เช่า 6,500/เดือน 
 พร้อมเข้าอยู่
มีฟิตเนสสระว่ายน้ำ
หิ้วกระเป๋าเข้าอยู่ได้เลย 
       1 ห้องนอน 1 ห้องน้ำ  
        พื้นที่ 24 ตรม ชั้น 6
สิ่งอำนวยความสะดวก
กล้องวงจรปิด
ที่จอดรถ
ระบบรักษาความปลอดภัย รปภ
ฟิตเนส
สระว่ายน้ำ"
https://www.facebook.com/groups/322977734828852/posts/2438481466611791/,"เปิดจองเฟสใหม่
ราคาเริ่มเพียง 
.
 ลบ* เท่านั้น
 หลังนี้ผ่อนเบาๆ รีบจับจองก่อนใคร 
ใกล้แยกบ่อสร้าง
ใกล้ตลาดแม่คือ
เซ็นทรัลเฟส15นาที 
บ้านสวย ราคาดี ทำเลโดน
ฟรีโอน
ฟรีดาวน์ กู้ได้ 
% เด็ดสุดในย่านนี้ 
 แม่คือ ดอยสะเก็ด
 ห่างถนนหลัก 300 เมตร 
เข้าเมืองเพียง 20 นาที บ้านนอกโครงการสุดคุ้ม...ไม่มีค่าส่วนกลาง
ถนนกว้าง 8 เมตร เดินทางเข้า-ออก สะดวกสบาย เพดานสูง 3 เมตร บ้านโปร่งโล่งสบาย
 ที่ดินเริ่ม 45-55 ตร.ว.
 2/3 ห้องนอน 
 2 ห้องน้ำ  
 1 ห้องครัว
 2 ที่จอดรถ
มีแบบบ้านให้เลือก 4 แบบลูกค้าเลือกแบบได้เล้ย...
 ที่ดินส่วนเกิน ตร.ว.ละ 13,000 บาท
𝐏𝐑𝐎𝐌𝐎𝐓𝐈𝐎𝐍
 ฟรี โอนกรรมสิทธิ์ 
 ฟรี มิเตอร์น้ำ
 ฟรี มิเตอร์ไฟ
 ฟรี ปั้มน้ำ ถังเก็บน้ำ
 ฟรี ปลูกหญ้ารอบบ้าน
 ฟรี rain shower 2 ห้องน้ำ
 ฟรี เคาน์เตอร์ครัวพร้อมซิงค์ล้างจาน
 ฟรี ระบบกำจัดปลวก
 ฟรี กล่องดักไขมัน ใต้ซิงค์ล้างจาน
 หลังคาติดฉนวนกันความร้อน
 ไม่มีค่าส่วนกลาง 
 ถนนโครงการกว้าง 8 เมตร
 รับประกันโครงสร้าง 1ปี
 บริการหลังการขาย
เช็คความสามารถการกู้เบื้องต้นรู้ผลใน 1 วัน
วางแผนและเตรียมความพร้อมก่อนกู้ซื้อบ้าน
บริการรับเอกสารตามลูกค้าสะดวก
ดำเนินการเรื่องสินเชื่อให้ฟรีทุกขั้นตอนพร้อมให้คำปรึกษา
ยื่นกู้ให้ฟรี    
เช็คเครดิตฟรี
ยินดีให้คำปรึกษา 
ดูแลจนถึงวันโอน
ช่วยดันทุกเคส 
ดูแลจบครบทุกขั้นตอน 
นัดชมบ้านตัวอย่างได้ทุกวัน
064-467-3618
091-858-7262
แอดไลน์ สอบถามเพิ่มเติม
   :https://line.me/ti/p/hGxpr9ynwG
   :https://line.me/ti/p/cnpzsxQDaK
ยินดีบริการค่ะ...
นัดหมายดูบ้านรบกวนแจ้งล่วงหน้า 1 วันนะค่ะ
#ขายบ้านเชียงใหม่ #บ้านราคาถูกเชียงใหม่
#บ้านนอกโครงการเชียงใหม่ #บ้านเดี่ยวเชียงใหม่ #บ้านเดี่ยวแม่คือ #บ้านเดี่ยวดอยสะเก็ด #บ้านแม่คือ #บ้านและที่ดินเชียงใหม่ #ดอยสะเก็ด #บ้านดอยสะเก็ด #บ้านราคาถูก #บ้านใกล้เมือง #โครงการบ้านดอยสะเก็ด"
https://www.facebook.com/groups/322977734828852/posts/2438482039945067/,"ที่ดิน 4ไร่ ใน หมู่บ้านเชียงใหม่ คันที่โฮม ใกล้แยกหลุยส์ หน้ากว้าง 80เมตร ตรว ละ 13,500บาทด้านหลังติด ร.ร นานาชาติ Millhill ห่างจากถนนที่จะตัดใหม่สายต้นเปาเลี่ยงเมือง เพียง100เมตร ถมแล้ว น้ำไฟพร้อม แบ่งแยะให้แล้วแปลงละ64วา  สนใจโทร0851064411,0961524463เจ้าของขายเอง ราคาต่อรองได้ถ้าสนใจจริง"
https://www.facebook.com/groups/322977734828852/posts/2438482523278352/,#สวยเนี๊ยบกว้างอยู่สบายราคาเบาๆ #ซื้อได้ทุกอาชีพดูแลสืนเชื่อฟรีคะ
https://www.facebook.com/groups/322977734828852/posts/2438485019944769/,"ขายที่ดิน แม่คือ ดอยสะเก็ด เชียงใหม่ 
1. เนื้อที่ 68 ตร.วาขาย 750,000   
2. เนื้อที่ 79 ตร.วาขาย 850,000
(แปลงนี้ ปลูกกล้วยไว้)
ค่าโอน:ผู้ซื้อโอนเอง
092-859-8944 นัดดูได้ค่ะ"
https://www.facebook.com/groups/322977734828852/posts/2438486086611329/,"ขายที่ดิน ใกล้ 89 พลาซ่า เชียงใหม่
เนื้อที่ 2 งาน 20 ตารางวา 
ราคา 5.9  ล้านบาท ราคาต่อรองได้ 
น้ำไม่ท่วมแน่นอน
การเดินทางสะดวกสบาย
จาก มหิดล 2 กม.
จาก โรงพยาบาลมหาราช  8 กม.
จาก โรบินเชียงใหม่ 5 กม.
จาก เซ็ลทรัลเฟสติวัลเชียงใหม่ 10 กม.
จาก ตัวเมืองเชียงใหม่ 5 กม.
จาก สนามบินเชียงใหม่  6 กม.
092-859-8944 นัดดูได้ค่ะ"
https://www.facebook.com/groups/322977734828852/posts/2438486309944640/,"ขายบ้านราคา 8.45 ล้านบาท
ขายบ้านในโครงการหรู ลัดดารมย์อิลิแกนท์ ถนนวงแหวนรอบกลาง แยกมหิดล ต.ท่าศาลา อ.เมือง จ.เชียงใหม่ บรรยากาศรอบบ้านเป็นธรรมชาติ สงบ ร่มรื่น เป็นส่วนตัว
รายละเอียดบ้าน
- บ้านเดี่ยว2ชั้น 3ห้องนอน 4ห้องน้ำ 2ห้องโถง ครัวใน1 ครัวนอก1 แอร์5ตัว
- บ้านหันหน้าไปทางทิศเหนือ
- ที่ดิน 89.7 ตร.วา
- พื้นที่ใช้สอยในบ้าน 240 ตร.ม
- ระบบสัญญาณกันขโมยทั้งหลัง
- ค่าส่วนกลาง เป็นเงิน 24,758 บาท/ปี
- ค่าโอนคนละครึ่ง
- ราคา 8.45 ล้านบาท
การเดินทางสะดวก อยู่ในเมือง
- ไปโรงพยาบาลกรุงเทพเชียงใหม่ 13 นาที (6.6 km)
- ไปแม็คโคร 13 นาที (6.9 km)
- ไปห้าง Central Festival 13 นาที (8 km)
- ไปสนามบินเชียงใหม่ 11 นาที (8.8 km)
- ไป Unity Concord 5 นาที (3.3 km)
*อ้างอิงจาก google maps
รายละเอียดโครงการ
- ระบบรักษาความปลอดภัย2ชั้น
- บรรยากาศร่มรื่น สังคมดี
- มีสระว่ายน้ำขนาดใหญ่ ฟิตเนส ซาวน่า
- สวนสาธารณะ2จุด
สนใจติดต่อ
โทร: 089-554-1445
085-554-1445
เจ้าของขายเอง
FOR SALE
Laddarom Elegant village Middle Ring Road, Mahidol Intersection, Tha Sala Subdistrict, Mueang District, Chiang Mai Province. The surroundings are natural, peaceful, shady and private.
House details
- 2 storey detached house, 3 bedrooms, 4 bathrooms, 2 halls, 1 inside kitchen, 1 outside kitchen, 5 air conditioners
- The house faces north
- Land 89.7 sq.m.
- usable area in the house 240 sq.m.
- Anti-theft alarm system throughout the house
- Common fee is 24,758 baht/year
- Half transfer fee
- Price 8.45 million baht
Convenient transportation (in the city)
- Go to Bangkok Hospital Chiang Mai 13 min. (6.6 km)
- Go to Makro 13 min. (6.9 km)
- Go to Central Festival 13 min. (8 km)
- Go to Chiang Mai Airport 11 min. (8.8 km)
- Go to Unity Concord 5 min. (3.3 km)
Village details
- 2 layers of security system
- Shady atmosphere, good society
- large swimming pool, fitness center, sauna
- 2 public parks
contact
Tel: 089-554-1445
085-554-1445
For Sale by Owner
待售
Laddarom Elegant village Middle Ring Road, Mahidol Intersection, Tha Sala Subdistrict, Mueang District, Chiang Mai Province.周围环境自然、宁静、阴凉且私密。
房屋详情
- 2层独立屋，3间卧室，4间浴室，2间大厅，1间内厨，1间外厨，5台冷气机
- 房子朝北
- 土地 89.7 平方米
- 房屋可用面积 240 平方米。
- 整个房子的防盗报警系统
- 共同费用为 24,758 泰铢/年
- 半价转会费
- 价格 8.45 million baht
交通便利（市内）
- 前往清迈曼谷医院 13 分钟。 （6.6 公里）
- 前往 Makro 13 分钟。 （6.9 公里）
- 去 Central Festival 13 分钟。 （8 公里）
- 前往清迈机场 11 分钟。 （8.8 公里）
- 前往 Unity Concord 5 分钟。 （3.3 公里）
村庄详情
- 2层安全系统
- 阴暗的气氛，良好的社会
- 大型游泳池、健身中心、桑拿
- 2个公园
接触
电话：089-554-1445
085-554-1445
或通过页面发送消息"
https://www.facebook.com/groups/322977734828852/posts/2438487469944524/,"ขาย ตรว.ละ750บาท พิกัด อ.ป่าซาง จ.ลำพูน
โฉนดพร้อมโอน"
https://www.facebook.com/groups/322977734828852/posts/2438492699944001/,Vายบ้านพร้อมที่ดิน266 ตารางวา ราคา1.8 ล้านพร้อมโอนให้ สามารถสร้างบ้านพักอาศัย หรือหอพักได้ ใกล้ตลาด ใกล้ชุมชุน อยู่ไม่ไกลอำเภอสันกำแพง(แช่ช้าง) สนใจนัดชมสถานที่จริงติดต่อ 083-1524366ค่ะ
https://www.facebook.com/groups/322977734828852/posts/2438496929943578/,"บ้านเงินเหลือ 5 แสน บ้านสร้างใหม่ ดอยสะเก็ด ราคา 1.29 ประเมิน 1.8
ด่วนครับบ!!!"
https://www.facebook.com/groups/322977734828852/posts/2438497293276875/,"*ซื้อบ้านเงินเหลือพร้อมคนผ่อนให้
ด่วน!! บ้านพร้อมคนเช่า #บ้านเงินเหลือ #ขายต่ำกว่าประเมิน ขายเพียง 1,490,000 รวมโอน
48 ตรว. พื้นที่ใช้สอยประมาน 150 ตรม.3ห้องนอน 2ห้องน้ำส่วนหน้ามีห้องทำงานต่อเติมแยก1 ห้อง
แอร์ เฟอร์นิเจอร์ บางส่วน
แม่โจ้ หนองหาร อ.สันทราย จ.เชียงใหม่
สอบถามเพิ่มเติม
inbox , tel 0981696702
#บ้าน #บ้านเดี่ยว #ซื้อขายบ้านและที่ดิน #บ้านเชียงใหม่ #บ้านสวยพร้อมอยู่ #houseforsale #house&home"
https://www.facebook.com/groups/322977734828852/posts/2438498763276728/,"ขายที่ดินเปล่าจัดสรร ใกล้วัดฟ้ามุ่ย อำเภอสันทรายจังหวัดเชียงใหม่ วิวดอยสุเทพ น้ำไม่ท่วม ขนาด 57 ตารางวา ขาย ตรว.ละ 19,000/ตรว. สนใจโทร 088-9746451 
https://maps.app.goo.gl/Kuvx3qSFTofe9Piq9?g_st=al"
https://www.facebook.com/groups/322977734828852/posts/2438499869943284/,"ใจกลางเมืองเชียงใหม่แถวสถานีรถไฟซุปเปอร์ออกเมกก้าโฮมได้
เจ้าของรีบไปเมืองนอกด่วนคะ
เพียง
4.5ล้านบาทเน้นๆเลยไปหาเอาได้เลยราคานี้หาไม่ได้แล้วพื้นที่108.6ตรว.ใช้สอยได้อีกเยอะ
ฟรีโอน
ฟรี เฟอร์นิเจอร์
ฟรีแอร์3ตัว
 กล้องวงจรปิดรอบบ้านอีก6ตัว
 เตาอบเตาแก๊ส คืออยู่ได้เลยทันที ขอคนพร้อมโอนก่อนนะคะ ยังไม่รับคนเอาเข้าแบงค์คะ
พร้อมปรึกษา 0882904424 ฟ้าคะ"
https://www.facebook.com/groups/322977734828852/posts/2438501049943166/,"ราคา. 1.89 ล้านรวมโอน
ราคาลดพิเศษประเมินสูง
บ้านสั่งสร้าง ใกล้เมือง โซนสารภี
น้ำไม่ท่วม
47 ตารางวา 3 ห้องนอน 2 ห้องน้ำ 1 ห้องครัว
2 ที่จอดรถ
//มีบริเวณนั่งเล่น
จอดรถได้ 2. คัน
ราคา 1,890,000บาท
ฟรีค่าโอน ภาษีอากรทุกชนิด
__________________
ขายบ้านมือ1
__________________
ชมบ้านได้ตลอด
ช่วยเรื่องเอกสารยื่นสินเชื่อฟรี
ปรึกษาฟรี โทร :083-1524366"
https://www.facebook.com/groups/322977734828852/posts/2438501439943127/,"ขายด่วน ที่ดิน ต.บ้านแหวน อ.หางดง จ.เชียงใหม่  (หมู่บ้านโรยัลวิว)
(เจ้าของขายเอง)
พร้อมซื้อพร้อมลด 
เนื้อที่เริ่ม 99 ตารางวา
เนื้อที่เริ่ม 100 ตารางวา
 ตารางวาละ 25,000 บาท
ทำเลหายาก ในชุมชนอากาศโปร่ง 
ไม่แออัด 
น้ำไฟพร้อม 
พื้นที่สวนตัว
ไม่ต้องถม ซื้อแล้วปลูกบ้านได้เลย 
โฉนดครุฑแดง ค่าโอนคนละครึ่ง
ความเจริญรอบด้าน สะดวกสบาย 
เข้าเมือง 20  นาที
(โทร)092-859-8944"
https://www.facebook.com/groups/322977734828852/posts/2438512573275347/,"ขายที่ดินเจ็ดยอด วิวดอยสุเทพ ใกล้นิมมาน
65 ตารางวา ราคา 3.2 ล้านบาท
เหลือ 1 แปลง
ทำเลพรีเมียม ใกล้เมญ่า มช. ถนนคันคลอง
ร่มรื่น ถนนกว้าง เหมาะสร้างบ้านหรือโฮมออฟฟิศ
ต.ช้างเผือก อ.เมืองเชียงใหม่
สนใจติดต่อ 061-449-4297"
https://www.facebook.com/groups/322977734828852/posts/2438513599941911/,"#บ้านใกล้เมือง #น้ำไม่ท่วม #ราคาต่อรองได้อีก
บ้านเดี่ยว 2 ชั้นบ้านพิมุกต์1 เฟส5ซ.2 สันทราย( เจ้าของเดิมชาวสวิต)
พื้นที่247 ตรว.(โฉนด2ใบ)
3 ห้องนอน
4 ห้องน้ำ
1 ห้องครัว
1 ห้องโถงใหญ่
1 ห้องแม่บ้าน
1 ห้องคนขับรถ
1 ห้องเก็บของ
**สามารถจอดรถได้ 3 คัน
พร้อมทั้งแถมเฟอร์นิเจอร์มากมาย
ตู้หัวเตียงคู่ทุกห้องนอน
ตู้เสื้อผ้า
เตียง+ที่นอน
โซฟา
โต๊ะทานอาหาร
เครื่องซักผ้า
เครื่องอบผ้า
เครื่องปั๊มน้ำ
ถังเก็บน้ำสำรอง
สนามบ้านกว้างขวาง สามารถทำสระว่ายน้ำหรือปลูกสร้างเพิ่มเติมได้ตามใจชอบคะ
**สถานที่ใกล้เคียง
กาดสามแยก 5 นาที
เซ็นทรัลเฟส3.7 กิโลเมตร
กาดมีโชค 4.6 กิโลเมตร
รพ. กรุงเทพ 5 กิโลเมตร
ม.พายัพ 6.2 กิโลเมตร
ห่างสนามบิน 25 นาที
ทั้งหมดนี้เพียง7.9 ล้านบาทเท่านั้น
#สอบถามรายละเอียดนัดชม 0935068042 ยุ้ย
หรือทักแชทได้เลยค่ะ
#House near the city #No flooding. #The price is negotiable
2-storey single house, Ban Pimuk 1, Phase 5, Soi 2, San Sai (previous owner Swiss)
Area 247 sq.w. (2 title deeds)
3 bedrooms
4 bathrooms
1 kitchen
1 large living room
1 maid's room
1 driver's room
1 storage room
**Can park 3 cars
With lots of furniture included
Double bedside cabinets in every bedroom
Wardrobe
Bed + mattress
Sofa
Dining table
Washing machine
Dryer
Water pump
Water tank
The house is spacious. You can make a swimming pool or build more as you like.
**Nearby places
Sam Yaek Market 5 minutes
Central Festival 3.7 km
Kad Meechok 4.6 km
Bangkok Hospital 5 km
Mahidol University 6.2 km
25 minutes from the airport
All this for only 7.9 million baht
#Ask for details and make an appointment to view 0935068042 Yui
Or chat now"
https://www.facebook.com/groups/322977734828852/posts/2438513686608569/,"ขายทาวน์โฮม 2 ชั้นครึ่ง ใกล้ห้าแยกสันติธรรม
ที่ดิน 16 ตรว
ขายตามสภาพ
2.99 ล้าน
0614494297 ไมค์"
https://www.facebook.com/groups/322977734828852/posts/2438514679941803/,"บ้านเดี่ยว 2ชั้นโครงการดอยคำฮิลล์ไซด์5ชุมชนทุ่งป่าเก็ด(เจ้าของเดิมเป็นหมอ)
เนื้อที่ 54 ตรว.
พื้นที่ใช้สอย 120 ตรม.
3 ห้องนอน
3 ห้องน้ำ
1 ห้องครัว
1 ห้องนั่งเล่น
รายละเอียดเฟอร์นิเจอร์
เครื่องปรับอากาศ 4 เครื่อง
เครื่องทำน้ำอุ่น 2 เครื่อง
กล้องวงจรปิดทั้หลัง
ตู้เย็น
เครื่องดูดควัน
ผ้าม่านกันแสงทั้งหลัง
มุ้งลวดทั้งบ้าน
ระบบเข้าบ้าน digital
door lock
ระบบประตูรีโมท WiFi
ระบบรดน้ำต้นไม้รอบบ้าน
มีระเบียงหน้าบ้านพร้อมบ่อ
เลี้ยงปลา
&
มีสระว่ายน้ำ&ฟิตเนสในหมู่บ้าน
สถานที่ใกล้เคียง
ม.แม่โจ้ 3 กิโลเมตร
รพ.สันทราย6.8กิโลเมตร
กาดรวมโชค 8 กิโลเมตร
เซนทรัเฟสติวัล10กิโลเมตร
เพียงแค่ 3.29 ล้านบาท
ติดต่อนัดชมบ้าน 0935068042 ยุ้ย
หรือทักแชทได้ค่ะ
2-storey detached house, Doi Kham Hillside 5 project, Thung Pa Ket community (the original owner was a doctor)
Area 54 sq.w.
Usable area 120 sq.m.
3 bedrooms
3 bathrooms
1 kitchen
1 living room
Furniture details
4 air conditioners
2 water heaters
CCTV cameras throughout the house
Refrigerator
Extractor
Light-blocking curtains throughout the house
Mosquito screens throughout the house
Digital home entry system
door lock
WiFi remote door system
Watering system for trees around the house
There is a balcony in front of the house with a pond
Fish farming
&
There is a swimming pool & fitness in the village
Nearby places
Maejo University 3 kilometers
San Sai Hospital 6.8 kilometers
Kad Ruamchok 8 kilometers
Central Festival 10 kilometers
Only 3.29 million baht
Contact to make an appointment to see the house 0935068042 Yui
Or you can chat."
https://www.facebook.com/groups/322977734828852/posts/2438516286608309/,"ทาวน์โฮม อ เมือง ใกล้สนามบิน ขนส่งชียงใหม่ โรบินสันแอร์พอร์ต
ราคาเพียง 2.39 ล้านบาท 
ขนาดพื้นที่ดิน 14 ตารางวา
ขนาดพื้นที่ใช้สอย 112 ตารางเมตร
2 ห้องนอน 2 ห้องน้ำ
โซนครัว+เค้าท์เตอร์
2 ชั้น + ระเบียง
สถานที่ใกล้เคียง
- เซ็นทรัลแอร์พอร์ตเชียงใหม่ 5 นาที
- สนามบินเชียงใหม่ 5 นาที
- กาดวรุณ 3 นาที
- บิ๊กซีหางดง 3 นาที
- ขนส่งเชียงใหม่ 2 นาที
- มหาวิทยาลัยเชียงใหม่ 10 นาที
Location google map :
ที่ตั้ง : ตำบลแม่เหี๊ยะ อำเภอเมืองเชียงใหม่ เชียงใหม่
 สนใจติดต่อโทร 085-9765176 (ไมค์)"
https://www.facebook.com/groups/322977734828852/posts/2438517073274897/,"หลุดจองเหลือเพียง1หลังเท่านั้น ใกล้เมืองมาก
#ทำเลท่ารั้วสันปูเลย 
 บ้าน 2ชั้น ทันสมัย  กว้าง หลังเดียวเท่านั้น
  61 ตรว. ใช้สอย 170 ตรม.
บริการ พรีวงเงิน ก่อนจอง
 จอง เพียง 5,000 บาท 
 เครดิตดีมีเงินเหลือ 
 ไม่มีค่าส่วนกลาง ใกล้เทศบาลตำบลสันปูเลยและตลาดสดท่ารั้ว
 3 ห้องนอน 
 3 ห้องน้ำ 
 1 ห้องครัว  
 2 ที่จอดรถ
-------------------------------------
จองวันนี้  : 
 ฟรีแอร์ 3 ตัว
ฟรีเครื่องน้ำอุ่น 3 ตัว
 ฟรีค่าโอน
 ฟรีเคาเตอร์ครัว
 ฟรีแท้งค์น้ำ- ปั๊มน้ำ
 ซิ้งล้างจาน
 ฟรีท่อกำจัดปลวก
 ฟรีมิเตอร์น้ำ- ไฟ
 ฟรีปลูกหญ้ารอบบ้าน
 ดำเนินการด้านยื่นกู้สินเชื่อ ฟรี
---------------------------------------------
ตำแหน่งที่ตั้ง 
  ใกล้เทศบาลตำบลสันปูเลย  ท่ารั้ว วงแหวนรอบสาม   น้ำไม่ท่วม
————————————————
สถานที่ใกล้เคียง
- ตลาดสดท่ารั้ว 5 นาที
- เทศบาลสันปูเลย 500 เมตร
- แยกแม่กวง 10 นาที
- แยกศาลเด็ก เซ็นทรัลเฟส
   15 นาที
นัดดูบ้าน
โทร : 0965298919
ไลน์ : kikti2002
#บ้านโซนท่ารั้วสันปูเลย
#บ้านเดี่ยวเชียงใหม่
#พื้นที่ใช้สอย #ทำเล #ย่านที่อยู่
#ขนาดบ้าน #บ้าน3นอน2น้ำ
#บ้านใหม่ชั้นเดียว
#ดูบ้านลงขายกดเพจ
https://www.facebook.com/profile.php?id=61556375934433...
ยื่นดำเนินการธนาคารฟรีทุกขั้นตอน
#พรีวงเงินคำนวนภาระดูสถานะบูโรฟรี
#นายหน้าขายบ้านเชียงใหม่ #ที่ปรึกษาสินเชื่อบ้านชำนาญการ
#ขายบ้านสร้างใหม่ #ขายบ้านรีโนเวท #ขายบ้านมือสอง #ขายคอนโด #อสังหาริมทรัพย์ #ลงทุนอสังหาริมทรัพย์ #ขายบ้านเชียงใหม่ราคาถูก #อสังหาน่าลงทุน #ขายบ้านสันทราย #ขายบ้านแม่โจ้ #ขายบ้านสันผักหวานหางดง #ขายบ้านสารภี 
#ขายบ้านท่ารั้ว 
#ทุกอาชีพได้จร้า #ปรึกษาเราจร้า"
https://www.facebook.com/groups/322977734828852/posts/2438522429941028/,"Dcondo Ping (ดีคอนโด พิงค์) – เชียงใหม่
ขนาด 37 ตร.ม. ชั้น 6 ตึก C วิวสระว่ายน้ำ
ค่าเช่า: 15,000 บาท/เดือน
สัญญาขั้นต่ำ: 1 ปี (มัดจำ 2 เดือน + ล่วงหน้า 1 เดือน)
ทำเลสะดวก
• ติด Central Festival Chiang Mai
• เข้าออกถนนซุปเปอร์ไฮเวย์ง่าย
• เดินทางไปสนามบินนานาชาติ เชียงใหม่สะดวก
รายละเอียดห้อง
• 1 ห้องนอน
• 1 ห้องน้ำ
• ห้องนั่งเล่น
• ครัวพร้อมอุปกรณ์
• ระเบียงส่วนตัว วิวสระว่ายน้ำ
เฟอร์นิเจอร์ & เครื่องใช้ไฟฟ้าครบ
• โซฟา + โต๊ะกลาง
• เตียงนอน + ฟูก
• ตู้เสื้อผ้า
• โต๊ะทำงาน + เก้าอี้
• แอร์ 2 เครื่อง
• ทีวี
• ตู้เย็น
• ไมโครเวฟ
• เครื่องทำน้ำอุ่น
• เครื่องซักผ้า
สิ่งอำนวยความสะดวกโครงการ
• สระว่ายน้ำ
• ฟิตเนส
• สวนพักผ่อน
• พื้นที่นั่งเล่นส่วนกลาง
• รปภ. 24 ชม. + CCTV
• ที่จอดรถ
━━━━━━━━━━━━━━━
สนใจสอบถามเพิ่มเติม ติดต่อ : อาร์ท
โทร : 065-972-2284
Line ID : artviolin
━━━━━━━━━━━━━━━
⸻
Dcondo Ping – Chiang Mai
Size: 37 sq.m., 6th Floor, Building C, Pool View
Rental Price: 15,000 Baht/month
Minimum Contract: 1 year (2 months deposit + 1 month advance)
Great Location
• Next to Central Festival Chiang Mai
• Easy access to Super Highway
• Convenient travel to Chiang Mai International Airport
Room Details
• 1 Bedroom
• 1 Bathroom
• Living Room
• Kitchen with appliances
• Private balcony with pool view
Fully Furnished & Equipped with Electronics
• Sofa + Coffee Table
• Bed + Mattress
• Wardrobe
• Working Desk + Chair
• 2 Air Conditioners
• TV
• Refrigerator
• Microwave
• Water Heater
• Washing Machine
Condominium Facilities
• Swimming Pool
• Fitness Center
• Garden
• Common Lounge
• 24-hour Security with CCTV
• Parking
━━━━━━━━━━━━━━━
For more info, contact: Art
Tel : 065-972-2284
Line ID : artviolin
━━━━━━━━━━━━━━━"
https://www.facebook.com/groups/322977734828852/posts/2438530793273525/,"Single-family house for rent, ready to move in.
Location: Nong Kwai Subdistrict, Hang Dong District
Land size: 50 sq. wah
Rent: 25,000 baht/month
Move-in payment: 1 month advance, 2 months security deposit
1-year contract
House details:
 3 bedrooms, 2 bathrooms
 4 air conditioners
 Separate living areas with parking for 2 cars
 Spacious surroundings with a shady garden area
 Furniture and appliances:
1. Refrigerator
2. Microwave
3. Gas stove with range hood
4. Sofa
5. Dining table
6. TV
7. Washing machine
8. Dressing table
9. Wardrobe
10. Water heater
No pets allowed
 Near amenities and international schools:
 400 m. to Bangchak gas station/PEA Volta electric vehicle charging station
 550 m. to 7-Eleven
 1.5 km. to Panyaden International School
 2.6 km. to Kad Farang / Rimping
 4.3 km. to Hang Dong Fresh Market
 5 km. to Meritton British International School
 6.6 km. to Lanna International School
Interested? Chat/Call:
0809980644 K. Bow
Line ID: bovituk
WhatsApp: +66809980644
===========================
บ้านเดี่ยวให้เช่า พร้อมอยู่ 
ทำเล ต.หนองควาย อ.หางดง
(ติดทรัพย์)
ขนาดที่ดิน 50 ตร.ว.
ค่าเช่า: 25,000 บาท/เดือน
เข้าอยู่จ่ายล่วงหน้า 1 เดือน ประกัน 2 เดือน
สัญญา 1 ปี
รายละเอียดบ้าน:
 3 ห้องนอน 2 ห้องน้ำ
 แอร์ 4 เครื่อง
 ห้องแบ่งเป็นสัดส่วน จอดรถได้ 2 คัน
 พื้นที่รอบๆบ้านกว้างขวาง มีโซนสวน ร่มรื่น
 เฟอร์นิเจอร์ + เครื่องใช้ไฟฟ้า :
1.ตู้เย็น
2.ไมโครเวฟ
3.เตาแก๊ส พร้อมเครื่องดูดควัน 
4.โซฟา
5.ชุดโต๊ะทานข้าว
6.ทีวี
7.เครื่องซักผ้า
8.โต๊ะเครื่องแป้ง
9.ตู้เสื้อผ้า
10.เครื่องทำน้ำอุ่น
ไม่รับสัตว์เลี้ยง
ใกล้สิ่งอำนวยความสะดวกและรร.นานาชาติ:
 400 m. ถึง ปั๊มน้ำมันบางจาก/สถานีชาร์จรถไฟฟ้า PEA volta
 550 m. ถึง 7-Eleven
 1.5 km. ถึง รร.นานาชาติ Panyaden
 2.6 km. ถึงกาดฝรั่ง / Rimping
 4.3 km. ถึง ตลาดสดหางดง
 5 km. ถึง รร.นานาชาติ Meritton British
 6.6 km. ถึง รร.นานาชาติ Lanna
สนใจทักแชท/โทร
0809980644   k. โบว์
LineID:bovituk
WhatsApp:+66809980644"
https://www.facebook.com/groups/322977734828852/posts/2438532403273364/,"#ขายที่ดินในตัวมืองเชียงใหม่ 100 ตารางวา แปลงสี่เหลี่ยมหัวมุม ติดถนนคอนกรีตกว้าง 8 เมตร ทำเลดีค้าขายได้ 
เนื้อที่ 100 ตารางวา 
ราคา 7.99 ล้านบาท
ต.ป่าตัน อ.เมืองเชียงใหม่ #เชียงใหม่
สถานที่ใกล้เคียง
- ใกล้รพ.ลานนา 5 นาที 
- ใกล้สนามบินเชียงใหม่ 10 นาที
- ใกล้โลตัส คำเที่ยง 7 นาที
- เซ็นทรัล เชียงใหม่ 10 นาที 
-Maya ,นิมมาน 10 นาที 
 099-2691459"
https://www.facebook.com/groups/322977734828852/posts/2438532926606645/,"รับออกแบบแบ่งแปลงที่ดิน แบ่งล็อคที่ดิน เริ่มต้นเพียง 1,000 บาท 
คุณลูกค้าได้งานถึง 5 รายการ
 เรารับออกแบบที่ดินแบ่งขายไม่เกิน 9 ล็อค
 หรือออกแบบที่ดินจัดสรร [แบ่งเกิน 9 ล็อค]
สนใจติดต่อ คุณแดง
 : 066-1282590, 094-6184925
 ID Line : d.chokedee
ติดตามผลงานได้ที่ Facebook / มีผลงานมากกว่า 1,000+ รายการ 
 สะดวกรวดเร็ว มีความแม่นยำสูง, 
 นำข้อมูลที่ได้ เพื่อเสนอลูกค้า
 หรือไว้พิจารณาให้รอบคอบก่อนทำโปรเจคจริง
 โปรโมชั่นพิเศษ สิ่งที่ท่านจะได้ :
1. ภาพแบ่งแปลง พร้อมรายละเอียดเนื้อที่และขนาด
2. ภาพแบ่งแปลงภาพสี
3. ภาพกราฟฟิคสีสำหรับขายหรือลงโฆษณา
4. ภาพมุมสูง เหมือนถ่ายจากโดรนและพื้นที่โดยรอบ ๆ
5. เพิ่ม QR.Code เพื่อ Scan ให้แสดงพิกัดของที่ดินได้"
https://www.facebook.com/groups/322977734828852/posts/2438533973273207/,"#ขายที่ดินในหมู่บ้านซาวด์ฟ้า #ใกล้สนามบินมากๆ (มี3โฉนด แบ่งขายได้)
แต่ไม่มีเสียงเครื่องบินรบกวนค่ะ ที่ดิน 395 ตารางวา ละ 18,000 บาท (7,110,000)
ค่าธรรมเนียมโอนหารแต่ละครึ่ง
งดแจ้งพิกัดหากมิได้นัดหมาย นัดล่วงหน้า 1 วัน
รับฝากขาย บ้าน คอนโด ที่ดิน
ตึกแถว อาคารพาณิชย์
รับฝากด้วยใจ ไม่มีสัญญาภาระผูกมัด..ใดๆๆ
094-6260555 คุณศร
LINEแอพ 0946260555
Facebook: Lunda bua"
https://www.facebook.com/groups/322977734828852/posts/2438535063273098/,"ให้เช่าวันพลัสเจ็ดยอด1
8,500/เดือน ค่าประกัน2เดือน ล่วงหน้า1 เดือน 
พร้อมอยู่ 1 พฤศจิกายน 2568  
- กั้นแยกห้องนั่งเล่น-ห้องนอน 
- มีสมาร์ททีวี แอร์2ตัว ตู้เย็น ไมโครเวฟ เครื่องทำน้ำอุ่น
- มีรปภ/กล้องวงจร 
- ที่จอดรถและสติ๊กเกอร์สำหรับจอดในอาคาร 
- มีระเบียง
- ฟิตเนส/สระว่ายน้ำ"
https://www.facebook.com/groups/322977734828852/posts/2438544826605455/,ขายด่วน....บ้านพร้อมที่ดินในตัวเมืองเชียงรายจากปกติ 6.500.000 จัดโปรโมชั่นวันนี้ถึงวันที่ 31 ธันวาคมของปีนี้จาก 6.500.000เหลือเพียง5.500.000บาทบ้านตั้งอยู่ที่ 215 หมู่ 2 ซอย 3 บ้านร่องเสือเต้นตำบลริมกกอำเภอเมืองจังหวัดเชียงราย 57100 เป็นบ้าน 2 ชั้นพื้นที่บ้านกว้าง 1 งาน 50 ตารางวาเป็นบ้าน 2 ชั้นข้างบนมี 3 ห้องนอน 1 ห้องน้ำ 1 ห้องครัวและพื้นที่สำหรับกินข้าวแล้วห้องพระ..ข้างล่างมี 2 ห้องจะทำเป็นห้องนอนหรือห้องเก็บของก็ได้และห่องน้ำ 1 ห้องและลานกว้างสำหรับทำกิจกรรมพื้นที่รอบๆบ้านสามารถต่อเติมหรือขยับขยายได้อีก..ที่จอดรถสะดวกสบายเข้าออกสะดวกสบายอยู่ใกล้ๆวัดต้องเสือเต้นหรือวัดสีน้ำเงินอยู่ใกล้ถนนใหญ่ห่างจากถนนใหญ่ประมาณ 300 เมตรห่างจากวัดร่องเสือเต้นประมาณ 300 เมตรอยู่ในเขตชุมชนเหมาะสำหรับเปิดร้านอาหารและหอพักมากๆครับเพราะอยู่ในเขตชุมชนหน้าบ้านติดถนนหลักของหมู่บ้าน(เจ้าของบ้านขายเอง)ไม่ผ่านนายหน้า..ท่านใดสนใจเข้ามาดูบ้านได้เลยหรือจะโทรมาสอบถามต่อรองราคาได้ที่ 065-035-3968 อำพล นาโสก (เจ้าของบ้านขายเอง
https://www.facebook.com/groups/322977734828852/posts/2438550113271593/,"ขายและเช่า
พิกัดล้านนาเลควิวเชียงใหม่ ดอยสะเก็ด 
 3 ห้องนอน 
 2 ห้องน้ำ
  1 ครัว
 จอดรถได้ 
 ห้องครัว ฮู้ดดูดควัน
 แอร์ 4 เครื่องทำน้ำอุ่น 2 เครื่องซักผ้า 1
 มีพื้นที่รอบบ้าน บรรยากาศสงบ
ประตูรั้ว
 สามารถเลี้ยงสัตว์ได้ 
 ค่าบริการเช่าบ้าน
ราย  6 เดือน15000 เดือน
ราย 1 ปี ขึ้นไป  13500 -/เดือน
ประกัน 2 เดือนล่วงหน้า 1 เดือน
ราคาขาย 1,980,000. บาท 
#สนใติดต่อนัดชมบ้าน
084-3780401
นายหน้าอสังหาริมทรัพย์เชียงใหม่
 #รับทำตลาดซื้อขายบ้านที่ดินคอนโด"
https://www.facebook.com/groups/322977734828852/posts/2438556846604253/,"ราคา 1,090,000 ฿
เจ้าของขายเอง 
ขายบ้าน
พร้อมที่ดิน 32.5 ตรว 
#พื้นที่ใช้สอยตัวบ้าน 42.7 ตารางเมตร
- พิกัดบ้านป่าเห็ว-สันกำแพง เชียงใหม่ 
- สงบ เป็นส่วนตัว น้ำไม่ท่วม 
- ใกล้ตลาด  7-11 ร้านของชำ ร้านส่งพัสดุ ร้านยา 
    ห่าง 800 เมตร ใกล้แหล่งชุมชน 
- #ใกล้ถนนคนเดิน
- ใกล้ธนาคาร โรงเรียนอนุบาล ประถม มัธยม 
โลตัส บิ๊กซี ห่าง 2 กิโล 
1ห้องนอน 1 ห้องนั่งเล่น(กั้นเป็นห้องนอนได้อีก)
1 ห้องน้ำ 1 ห้องครัว 1โรงจอดรถ
พื้นที่เหลือต่อเติม หน้าบ้านและหลังบ้าน
#หน้าบ้านหันทางทิศเหนือ ห่างถนนใหญ่ 50 เมตร  
สถานที่ทำเลดีมาก
#เรียกสามล้อพ่วงไปท่ารถสองแถวสีขาวที่ข่วง ถนนคนเดินสันกำแพง ไปในเมืองเชียงใหม่
#สะดวกสบาย 
-ไปถนนคนเดินสันกำแพง 2 กิโล 5 นาที
-ไปแยกบ่อสร้าง 6 กิโล 12 นาที
-ไปสนามบิน 20 กิโล 35 นาที 
สนใจโทรสอบถาม
099-172-3482"
https://www.facebook.com/groups/322977734828852/posts/2438558549937416/,"เหมาะสำหรับทำสวนทุเรียน สวนลำใย อื่นๆ เพื่อสงออก เพราะใกล้ถนนใหญ่
ขายที่ดิน10 ไร่เศษ จ.ลำพูน ป่าซาง ห่างจากถนนหลัก 4 เลน 400เมตร *คุยราคากันได้ เจ้าของขายเอง*
ในราคาพิเศษ ฿3,350,000 บามถ้วน (ค่าโอนคนละครึ่ง)
มีภาพของจริงและvideo มุมสูง จากโดรน ตามแนบ
รายละเอียด
***โฉนดครุฑแดง ****
ขายที่ดิน10 ไร่เศษ จ.ลำพูน ใกล้อ่างเก็บน้ำตามโครงการพระราชดำริ   (สิบไร่ สิบเจ็ดเศษเจ็ดส่วนสิบตารางวา)  
*******
พร้อมรูป Update + ถนน 4 เลน  ทางเข้าที่ดิน
*******
รายละเอียดโดยรอบ
- ด้านหน้าที่ดินติดถนน กว้าง 25 เมตร โดยประมาณ
- ถนนหลักใหญ่เข้าแปลงที่ดิน กำลังเปลี่ยนจาก 2 เลขเป็น 4 เลน (โครงการขยายปี66-67)
- ที่ดินห่างจากถนนใหญ่ประมาณ 400 เมตร
- ห่างจากอ่างเก็บน้ำตามโครงการพระราชดำริ ประมาณ 200 เมตร  
- มีไฟฟ้าผ่านหน้าแปลงที่ดิน
หมายเหตุ การเดินทางและสถานที่สำคัญ
- จากแยกดอยติ(ทางหลวงแผ่นดินหมายเลข11)ไปที่ดินที่ขายนี้เพียง 28-20 กิโลโดยประมาณ
- ที่ดินห่างจากตัวเมืองอำเภอป่าซาง 15  กิโลโดยประมาณ  
- ที่ดินห่างจากตลาดบ้านแซม นี้เพียง 9 กิโลโดยประมาณ
- ที่ดินห่างจากปากทางเข้าถนนใหญ่วัดพระพุทธบาทตากผ้าประมาณ 7-8 กิโลโดยประมาณ
- ที่ดินห่างจากโรงพยาบาลป่าซาง นี้เพียง 3-4 กิโลโดยประมาณ
- ที่ดินห่างจากปากทางเข้าศูนย์อำนวยการและประสานงานด้านป่าไม้ 1-2 กิโลโดยประมาณ
อื่นๆ 
- ความสูงของพื้นที่เฉลี่ยที่ 320 เมตร จากระดับน้ำทะเล 
- https://goo.gl/maps/yCq5tYHT33dDwy5F8
Latitude-Longitude: 18.429264, 98.860047
สนใจติดต่อสอบถามหรือนัดเข้าดูที่ดิน 
::: Line ID jupiter.planet
::: คุณอู๊ด  ราคาต่อรองได้"
https://www.facebook.com/groups/322977734828852/posts/2438560283270576/,"2-story house for sale/rent
in the Grand Lanna Meridian project.
The project features a fitness center, clubhouse, and swimming pool. 
(Short-term rentals available: 1-3-6 months)
** Available November 10, 2025 **
 Selling price: 4.5 million baht
 Down payment: 500,000 baht (direct payment to owner)
 Rent: 35,000 baht/month
 2-month security deposit
 1 month advance payment
 1-year contract
 3 bedrooms, 3 bathrooms
 1 office (can be converted into a bedroom)
 1 living room, dining area
 1 kitchen, laundry area
 1 storage room
 Total area: approx.  59.1 sq. wah
 House area approximately 180 sq. m.
 Parking for 2 cars (inside the house)
 24-hour security
 Pets allowed (subject to availability)
Nearby Places
 Sri Arun Market/7-11/Lotus 4 mins
 Charoen Charoen Market 8 mins
 Big C Don Chan 14 mins
 Unity 14 mins
 Montfort 14 mins
 Wari 19 mins
 Airport 20 mins
 CentralFestival 20 mins
 Old City 24 mins
Interested? Chat/Call
0809980644 K. Bow
Line ID: bovituk
WhatsApp: +66809980644
++++++++++++++++++++++++++
 ขาย/ให้เช่า บ้าน 2 ชั้น(ติดทรัพย์)
ใน โครงการแกรนด์ ล้านนา เมอริเดียน
โครงการมีฟิตเนท , คลับเฮ้าท์ , สระว่ายน้ำ 
(รับระยะสั้น 1 -3-6 เดือน)
** ว่าง 10 พฤศจิกายน 2568 **
 ราคาขาย 4.5 ล้าน
 ดาวน์ 500,000 บาท (ผ่อนตรงกับเจ้าของ)
 ราคาเช่า 35,000 บาท / เดือน
 ประกัน 2 เดือน
 ล่วงหน้า 1 เดือน
 สัญญา 1 ปี / 1 ปี 
 3 ห้องนอน , 3 ห้องน้ำ
 1 ห้องทำงาน ( สามารถปรับเป็นห้องนอนได้ )
 1 ห้องนั่งเล่น , โซนรับประทานอาหาร
 1 ห้องครัว , ซักล้าง
 1 ห้องเก็บของ
 พื้นที่รวมประมาณ 59.1 ตร. วา
 พื้นที่บ้านประมาณ 180 ตร.ม.
 จอดรถได้ 2 คัน (ภายในบ้าน)
 รปภ. ตลอด 24 ชั่วโมง
รับสัตว์เลี้ยง( ขอพิจารณาเป็นเคสนะคะ)
สถานที่ใกล้เคียง
 ตลาดศรีอรุณ/ 7-11/ โลตัส 4 นาที
 ตลาดเจริญเจริญ 8 นาที
 บิ๊กซีดอนจั่น 14 นาที
 Unity 14 นาที
 มงฟอร์ต 14 นาที
 วารี 19 นาที
 สนามบิน 20 นาที
 เซนเฟซ 20 นาที
เมืองเก่า 24 นาที
สนใจทักแชท/โทร
0809980644   k. โบว์
LineID:bovituk
WhatsApp:+66809980644"
https://www.facebook.com/groups/322977734828852/posts/2438564389936832/,"แอดมิน
 ขายด่วน บ้าน ที่ดิน ลำปาง by โกดังบ้านแม่ตาล
 https://www.facebook.com/share/p/19x7u5F5Hf/"
https://www.facebook.com/groups/322977734828852/posts/2438565056603432/,"แอดมิน
 ขายด่วน บ้าน ที่ดิน ลำปาง by โกดังบ้านแม่ตาล
 https://www.facebook.com/share/p/1Cmh3LXLKV/"
https://www.facebook.com/groups/322977734828852/posts/2438566029936668/,"รหัสทรัพย์ : I999 
ปล่อยเช่า บ้านเดี่ยว สร้างใหม่ ใกล้โรงเรียนนานาชาติ Unity 
 ภายในบ้านตกแต่งสไตล์ Modern Minimal 
ภายในหมู่บ้านมี สระว่ายน้ำ ฟิตเนส & สนามเด็กเล่น 
พิกัด ถ.ซุปเปอร์ไฮเวย์ อ.สารภี จ.เชียงใหม่
มีเฟอร์นิเจอร์ และ เครื่องใช้ไฟฟ้าครบพร้อมเข้าอยู่
 ห่างจากสนามบินนานาชาติเชียงใหม่เพียง 10 นาที 
ใกล้แหล่งอำนวยความสะดวกมากมาย
พิเศษค่าเช่าเดือนละ 28,000 บาท/เดือน (เช่าขั้นต่ำ 1 ปี)
(ลดจาก 30,000 บาท)
 รายละเอียดบ้านเดี่ยว 
-3 ห้องนอน
-1 ห้องโถง/ห้องรับแขก (ขนาดใหญ่)
-1 ห้องครัว Buit in
-1 ห้องรับประทานอาหาร
-3 ห้องน้ำ 
-2 ที่จอดรถในร่ม
 รายละเอียด เฟอร์นิเจอร์ และ เครื่องใช้ไฟฟ้า 
- แอร์ 4 เครื่อง
- ตู้เย็น
- โต๊ะรับประทานอาหารพร้อมเก้าอี้
- ชุดโซฟา
- ตู้เสื้อผ้า 
- เตียงนอนพร้อมที่นอน
- โต๊ะทำงาน 
- โต๊ะเครื่องแป้ง 
- เครื่องซักผ้า
- Digital Door Lock 
- ประตูรีโมทรั้วไฟฟ้า
 สิ่งอำนวยความสะดวกโครงการ 
-สนามเด็กเล่น
-ฟิตเนส สระว่ายน้ำ(คลับเฮาส์)
 สถานที่ใกล้เคียง 
-โรงเรียนนานาชาติ Ambassador Bilingual School
-โรงเรียนนานาชาติ Unity concord
-Big C ดอนจั่น เชียงใหม่
-โรงพยาบาลกรุงเทพ เชียงใหม่
-โรงเรียนวารี เชียงใหม่
-เซ็นทรัลแอร์พอร์ต เชียงใหม่
-สนามบินนานาชาติเชียงใหม่
นัดชมทรัพย์ทุกวันไม่มีวันหยุด
เบอร์โทร : 095-697-1451
LINE : https://lin.ee/Jedw1fa
สนใจดูทรัพย์เช่าเพิ่มเติม https://web.facebook.com/auminvestmentrentproperty
สนใจดูทรัพย์ขายเพิ่มเติม 
https://web.facebook.com/auminvestmentsellproperty
#Aumอสังหาน่าลงทุน
#เช่าคอนโดใกล้สนามบิน #เช่าคอนโดราคาถูก
#เช่าคอนโดราคาถูกเชียงใหม่ #เช่าคอนโดเชียงใหม่
#เช่าบ้านหรูจังหวัดเชียงใหม่ #บ้านพูลวิลล่า
#เช่าบ้านเชียงใหม่ #เช่าบ้านพร้อมที่ดิน 
#เช่าอสังหาริมทรัพย์เชียงใหม่
#ซื้อขายเช่าอสังหาริมทรัพย์ 
#เช่าบ้านเชียงใหม่สุดคุ้มมาก"
https://www.facebook.com/groups/322977734828852/posts/2438566429936628/,"รหัสทรัพย์ : A899 
ปล่อยเช่า ทาวน์โฮม ใกล้สนามบินเชียงใหม่ เพียง 7 นาที
 ตกแต่งสไตล์ Modern Minimal เรียบหรู ทันสมัย 
พิกัด : พฤกษาวิลล์ 75 ราชพฤกษ์-แม่เหียะ 
มีเฟอร์นิเจอร์,เครื่องใช้ไฟฟ้า ครบพร้อมเข้าอยู่ มีแอร์ทุกห้อง
ใกล้แหล่งอำนวยความสะดวกมากมายอาทิ ห้างสรรพสินค้า
โรงเรียนนานาชาติ , ร้านอาหาร, ตลาดสด
ค่าเช่า 16,500 บาท /เดือน (สัญญาเช่าขั้นต่ำ 1 ปี)
 รายละเอียดทาวน์โฮม หลังมุม สร้างใหม่ 
-3 ห้องนอน 
-1 ห้องโถง , ห้องรับแขก
-1 ห้องครัวภายใน
-1 ห้องรับประทานอาหาร
-1 ห้องโถงหลังบ้านและห้องซักล้าง
-2 ห้องน้ำ
-2 ที่จอดรถ
 รายละเอียดเครื่องใช้ไฟฟ้า&เฟอร์นิเจอร์ 
-TV
-ชุดโซฟา
-ชุดเตียงนอน
-โต็ะทำงานพร้อมเก้าอี้ทำงาน
-ชุดโต็ะรับประทานอาหารพร้อมเก้าอี้
-เครื่องปรับอากาศ
-ตู้เย็น
-เครื่องซักผ้า เครื่องอบผ้า
-ไมโครเวฟ
-ตู้ชั้นวางของ & ชั้นวางของ
 สิ่งอำนวยความสะดวกของโครงการ 
-เจ้าหน้าที่รักษาความปลอดภัยตลอด 24 ชั่วโมง
-ระบบกล้องวงจรปิด CCTV รอบภายในหมู่บ้าน
-สวนสาธารณะภายในโครงการ
สถานที่ใกล้เคียง
-เซ็นทรัลแอร์พอร์ตเชียงใหม่
-สนามบินนานาชาติเชียงใหม่
-โรงเรียนAmbassador Bilingual Academy
-โรงเรียน American Pacific International School -โรงเรียน British Meriton International School
-โรงเรียนสารสาสน์วิเทศล้านนา
-บิ๊กซี ซูเปอร์เซ็นเตอร์ หางดง 1 (แม่เหียะ)
-แม็คโคร หางดง
-โลตัส เชียงใหม่ หางดง
-GO Wholesale เชียงใหม่
-ตลาดวรุณ , ตลาดมณี
-โครงการนิ่มซิตี้เดลี่
-โรงพยาบาลเชียงใหม่ใกล้หมอ
นัดชมทรัพย์ทุกวันไม่มีวันหยุด
เบอร์โทร : 095-697-1451
LINE : https://lin.ee/Jedw1fa
สนใจดูทรัพย์เช่าเพิ่มเติม https://web.facebook.com/auminvestmentrentproperty
สนใจดูทรัพย์ขายเพิ่มเติม 
https://web.facebook.com/auminvestmentsellproperty
#Aumอสังหาน่าลงทุน
#เช่าอาคารพาณิชย์เชียงใหม่
#เช่าที่ดินเปล่าเชียงใหม่
#เช่ากิจการโรงแรมเชียงใหม่
#เช่าคอนโดเชียงใหม่
#เช่าบ้านพูลวิลล่าเชียงใหม่
#เช่าบ้านหรูจังหวัดเชียงใหม่ 
#เช่าบ้านพร้อมที่ดินเชียงใหม่
#เช่าทาวน์โฮมเชียงใหม่
#เช่าอสังหาริมทรัพย์เชียงใหม่
#ซื้อขายเช่าอสังหาริมทรัพย์เชียงใหม่"
https://www.facebook.com/groups/322977734828852/posts/2438572113269393/,"Sale,ขาย
คอนโดห้องสุดเท่ไม่เหมือนใคร
 สุพนิชคอนโด
ถนนเส้นสถานีรถไฟไปท่าแพกำลังจะเจริญมากๆ
รีบคว้าโอกาสดีๆไว้นะครับสำหรับนักลงทุนหรือว่าซื้ออยู่เองก็คุ้มครับ
        ราคา 1,790,000 บาท
                   ฟรีโอน
การันตี ค่าเช่า 11,000 ถึง 15,000 บาท
•ห้อง 1 bedroom 1 bathroom ขนาด 38 ตรม. 
• ชั้น 4 วิวหายาก
ห้องจริงๆสวยและเท่มาก
อุปกรณ์ไฟฟ้า :
 เครื่องซักผ้า
 แอร์ใหญ่ 
 เตาไฟฟ้า+ฮู้ดดูดควัน
 เครื่องทำน้ำอุ่น
 ตู้เย็น 2 ประตู
 ไมโครเวฟ
Android TV
 ห้องบิ้วอินทั้งห้อง พร้อมเฟอร์นิเจอร์ ครบเซท 
ค่าส่วนกลาง ตร.ม.ละ 22 บาท
ค่าน้ำ หน่วยละ 27 บาท
ค่าไฟ ตาม มิตเตอร์หลวงครับ
สถานที่ใกล้เคียง : 
-สถานีรถไฟเชียงใหม่ 1 นาที 
-สถานฑูตUSA แห่งใหม่ 6 นาที
-รร.สารสาสน์วิเทศ 4 นาที
-รร.ดาราวิทยาลัย 6 นาที
-รร.ปรินส์รอยแยลส์ 7 นาที
-รร.มงฟอร์ต 7 นาที
-ห้าง Central Festival 12 นาที
-รพ.กรุงเทพ 10 นาที
-แมคโคร, บิ๊กซี 11 นาที
-ประตูท่าแพ 10 นาที
-สนามบินเชียงใหม่ 19 นาที
 ทำเลดีมาก อยู่ตรงข้ามสถานีรถไฟเชียงใหม่
 ใกล้สถานฑูตอเมริกาแห่งใหม่, ใกล้ รร.ชั้นนำหลายแห่ง, ใกล้เซ็นทรัลเฟสติวัล, ใกล้ รพ.กรุงเทพ
 ส่วนกลางดี ที่จอดรถกว้างมากๆ มีสระว่ายน้ำใหญ่
 ห้องสวย เครื่องใช้ไฟฟ้าครบ พร้อมเข้าอยู่
 จัดเต็มเฟอร์นิเจอร์บิ้วอิน Fully Furnished 
 ระบบไฟฟ้าและสุขภัณฑ์เปลี่ยนใหม่ทั้งหมด
สนใจนัดชมห้อง
โทร 082-5629424 เนท
พร้อมให้บริการมากครับ
ห้องจริงๆสวยและเท่มาก
แผนที่(earth)
https://maps.app.goo.gl/CmMbJ1SXqDqsjtat6"
https://www.facebook.com/groups/322977734828852/posts/2438573743269230/,"Two detached houses for rent
Location: Villa Lanna Mountain Village (Project 1), Buak Khang Subdistrict, San Kamphaeng District
Total usable area: 250 sq m
Land size: 81 sq wah
3 bedrooms, 3 bathrooms
1 living room
1 dining room
1 indoor kitchen
1 outdoor kitchen
2 parking spaces
There is a walking area around the house. 3 sides of the house are unattached. This corner plot offers privacy. The village is quiet and has a security guard.  The village entrance is remote-controlled.
There are 3 air conditioners, 2 TVs, a refrigerator, a washing machine, a water heater, a wall fan, a steam fan, a microwave, a gas stove, plates, bowls, pots and pans, a sofa, a dining table, a wardrobe, a bed, and a work desk.
There is a small lawn in front of the house.
There is Wi-Fi.
There are 4 CCTV cameras around the house.
Rent: 20,000 baht/month (1-year lease).
1 month advance payment + 50,000 baht security deposit.
Nearby Places:
 7-11 4 mins
 Fresh Market 5 mins
 Chong Fa Sin Seng 20 mins
 Central Festival 23 mins
 Airport 24 mins
 Tha Phae Gate 27 mins
Note:
- Groundwater system
- Electricity bill according to the government bill.
Interested? Contact us via chat/call:
0809980644 K. Bow
Line ID: bovituk
WhatsApp: +66809980644
+++++++++++++++++++++++++++
ให้เช่าบ้านเดี่ยว 2 หลัง(ติดทรัพย์)
พิกัด หมู่บ้านวิลล่าลานนา เม้าท์เท่น(โครงการ 1) ต.บวกค้าง อ.สันกำแพง
พื้นใช้สอยรวม 250 ตรม.
ขนาดที่ดิน 81 ตรว.
 3 ห้องนอน 3 ห้องน้ำ 
1 โซนนั่งเล่นรับแขก
1 โซนทานอาหาร
1 โซนห้องครัวในบ้าน
1 โซนครัวนอกบ้าน
2 ที่จอดรถ
มีบริเวณเดินรอบบ้าน 3 ด้านของบ้านไม่ติดใครเป็นแปลงหัวมุมมีความเป็ส่วนตัว หมู่บ้านเงียบสงบ มียามรักษาการ ประตูของหมู่บ้านเข้า-ออกใช้รีโมทคอนโทน
มี 3 แอร์คอนนิชั่น, 2 ทีวี ,ตู้เย็น ,เครื่องซักผ้า, เครื่องทำน้ำอุ่น, พัดลมผนัง, พัดลมไอน้ำ, ไมโครเวฟ, เตาแก๊ส ,จานชาม, หม้อกระทะ,โซฟา, โต๊ะอาหาร, ตู้เสื้อผ้า, เตียงที่นอน, โต๊ะทำงาน
สนามหญ้าเล็กๆหน้าบ้าน
มี wifi
มีกล้องวงจรปิดรอบบ้าน 4 ตัว
ค่าเช่า 20,000บาท/เดือน (สัญญาเช่า 1 ปี)
ล่วงหน้า 1 เดือน+ ประกัน  50,000.บาท
สถานที่ใกล้เคียง
 7-11  4  นาที
 ตลาดสด 5 นาที
 ช่องฟ้าซินเซิง 20 นาที
 เซนเฟส 23 นาที
สนามบิน 24 นาที
ประตูท่าแพ 27 นาที
หมายเหตุ
-เป็นระบบน้ำบาดาล
-ค่าไฟ จ่ายตามบิลรัฐ 
สนใจทักแชท/โทร
0809980644   k. โบว์
LineID:bovituk
WhatsApp:+66809980644"
https://www.facebook.com/groups/322977734828852/posts/2438574006602537/,"การเคหะ หนองหอย ซอย20
เคหะหนองหอย 1.19 2 ห้องนอน 2 ห้องน้ำ - บ้าน
2 ห้องนั้งเล่น 1ห้องครัว
เชียงใหม่ ประเทศไทย, จังหวัดเชียงใหม่
บ้าน มือสอง พร้อมอยู่
ที่ 23.5 ตาราวา สามารถโอนได้เลย
ห่างจาก89พลาซ่า 5 นาที่
ห่างจากเซ็นทรัลแอร์พอร์ต 10นาที่
ห่างจากเซ็นทรัล festival 10 นาที
เดินทางสะดวกสบายกลางใจเมืองเชียงใหม่
สนใจ ติดต่อได้นะค่ะ 0633241455"
https://www.facebook.com/groups/322977734828852/posts/2438583976601540/,"รับโปรโมท อสังหาทั่วประเทศโดยการลงเว็บไซต์ให้กว่า 100 เว็บไซต์ สนใจติดต่อโทร 092-967-0119 หรือ,@ line ID sakpoy0216"
https://www.facebook.com/groups/322977734828852/posts/2438587929934478/,"ขายที่ดินเปล่า ใกล้ตลาดท่ารั้ว เพียง50เมตร
ขนาดที่ดิน 50 ตารางวา ถมแล้ว ลงบ้านได้เลย
ราคา 1,100,000บาท ฟรีโอน!!!เจ้าของขายเอง
สอบถามเพิ่มเติมโทร 0834910300 คุณอิ๊ด
แอดไลน์ is_za99"
https://www.facebook.com/groups/322977734828852/posts/2438596063266998/,"ขายที่ดินเปล่า  ใกล้อบต.แช่ช้าง เพียง200เมตร
ขนาดที่ดิน 185 ตารางวา  ราคาขายตรวละ. 6,000 บาท
เหมาะทำการเกษตร สร้างบ้าน บรรยากาศดี
ราคา 1,110,000 บาท ฟรีโอน!!!เจ้าของขายเอง
สอบถามเพิ่มเติม0943584528  คุณนุช ทักแชท,"
https://www.facebook.com/groups/322977734828852/posts/2438596416600296/,"ขายที่ดินเปล่า 2ไร่ 2 งาน ที่สวย ใกล้เมือง ที่สวยมาก
ที่สี่เหลี่ยม น้ำไม่ท่วม
ขายด่วนที่ดิน อำเภอเมือง
ห่างถนนเส้นหลัก 200 เมตร
ติดชุมชน หอพัก โรงแรมดัง หมู่บ้าน
เนื้อที่ 2 ไร่ 2 งาน ที่สวยมาก
น้ำไม่ท่วม
อำเภอเมือง
สนใจทักนัดเข้ามาดูได้ หรือ
0645748075"
https://www.facebook.com/groups/322977734828852/posts/2438599469933324/,"ขายที่ดินเปล่า 185ตรว ตรว.ละ 6,000บาท
สนใจสอบถามรายละเอียด 094-3584528 คุณนุช"
https://www.facebook.com/groups/322977734828852/posts/2438602519933019/,"บ้านให้เช่า – พร้อมเข้าอยู่ได้เลย
ทำเลดี เดินทางสะดวก ใกล้สิ่งอำนวยความสะดวก
ค่าเช่าเป็นมิตร สนใจติดต่อได้ทันที!
โซนสันทราย แม่โจ้ จังหวัดเชียงใหม่
ใช้เวลาเดินทางไปมหาวิทยาลัยแม่โจ้เพียง 10 นาที
ฟรีบริการทำความสะอาดเดือนละ 2 ครั้ง
ฟรีบริการตกแต่งสวนเดือนละ 1 ครั้ง
รายละเอียดบ้าน:
• 2 ห้องนอน
• 2 ห้องน้ำ
• 1 ห้องรับแขก
• 1 ห้องครัว
• แอร์ 3 เครื่อง ครบทุกห้อง
• เครื่องใช้ไฟฟ้า + เครื่องทำน้ำอุ่น + โทรทัศน์
• ค่าน้ำ–ไฟ คิดตามหน่วยบ้าน
• โรงจอดรถ จอดได้ 4 คัน
เงื่อนไขการเช่า
• ประกัน 2 เดือน + ล่วงหน้า 1 เดือน
ค่าเช่า : 20,000 บาท/เดือน
━━━━━━━━━━━━━━━
สนใจสอบถามเพิ่มเติม ติดต่อ : อาร์ท
โทร : 065-972-2284
Line ID : artviolin
━━━━━━━━━━━━━━━
⸻
House for Rent – Ready to Move In
Great location, easy access, close to amenities
Affordable rent – contact us today!
Sansai – Mae Jo, Chiang Mai
Only 10 minutes to Mae Jo University
Free cleaning service twice a month
Free garden care once a month
House Details:
• 2 Bedrooms
• 2 Bathrooms
• 1 Living Room
• 1 Kitchen
• 3 Air Conditioners (every room)
• Electrical appliances + Water Heater + TV
• Utility bills charged at government rates
• Parking space for up to 4 cars
Rental Terms
• 2 months deposit + 1 month advance
Rental Price: 20,000 Baht/month
━━━━━━━━━━━━━━━
For more info, contact: Art
Tel : 065-972-2284
Line ID : artviolin
━━━━━━━━━━━━━━━"
https://www.facebook.com/groups/322977734828852/posts/2438608046599133/,"ให้เช่า Casa Condo Chang Phueak 
2 ห้องนอน ราคาเพียง 15,000 บาท/เดือน
 #ใกล้ศูนย์ราชการจังหวัดเชียงใหม่ 
.
 ทำเลทอง: ใกล้ศูนย์ราชการจังหวัดเชียงใหม่ และสนามกอล์ฟลานนา
 ค่าเช่า: 15,000 บาท/เดือน
 ขนาด: 55 ตร.ม. | ชั้น 7 อาคาร B
 2 ห้องนอน | 
 1 ห้องน้ำ
 ไฮไลท์พิเศษ
 • วิวสระว่ายน้ำ & วิวสนามกอล์ฟสุดหรู
 • เฟอร์นิเจอร์ครบ พร้อมเข้าอยู่ทันที
 • โลเคชั่นสะดวก ใกล้สิ่งอำนวยความสะดวก
 เงื่อนไขสัญญา
 • สัญญาเช่า 1 ปี
 • มัดจำ 2 เดือน + ค่าเช่าล่วงหน้า 1 เดือน
 รวมเข้าอยู่ 45,000 บาท
 โทร: 063-234-7115
 Line ID: Jj-51120
#คอนโดเชียงใหม่ #ให้เช่าคอนโด #คาซ่าคอนโด #ศูนย์ราชการเชียงใหม่ #สนามกอล์ฟลานนา 
 For Rent: Casa Condo Chang Phueak 
 Prime Location: Near Chiang Mai Government Center & Lanna Golf Course
 Rent: 15,000 THB/Month
 Size: 55 sq.m. | 7th Floor, Building B
 2 Bedrooms | 
 1 Bathroom
 Highlights
 • Stunning Pool View & Golf Course View
 • Fully furnished, move-in ready
 • Convenient location with easy access
 Rental Terms
 • 1-year contract only
 • Deposit: 2 months + 1 month advance
 Move-in cost: 45,000 THB
 Tel: 063-234-7115
 Line ID: Jj-51120
#ChiangMaiCondo #CondoForRent #CasaCondo #LannaGolfCourse #ChiangMai"
https://www.facebook.com/groups/322977734828852/posts/2438611273265477/,"ให้เช่า Casa Condo Chang Phueak – เพียง 7,500 บาท/เดือน
 พร้อมอยู่
 ห้องสวย นัดชมได้ 
 ตึก A ชั้น 2 |
 ทำเลทอง #ใกล้ศูนย์ราชการ #ตรงข้ามสนามกอล์ฟลานนา
 ห้องสวย เงียบสงบ ติดถนนใหญ่ เดินทางสะดวก
 ขนาดห้อง
• 30 ตร.ม.
• 1 ห้องนอน | 1 ห้องน้ำ | ครัวพร้อมใช้งาน
 เฟอร์นิเจอร์ & เครื่องใช้ไฟฟ้าครบ
 โต๊ะรับประทานอาหาร 1 ชุด
 ตู้เย็น
 ไมโครเวฟ
 เครื่องซักผ้าฝาหน้า
 แอร์ 1 ตัว (ห้องนอน)
 เครื่องทำน้ำอุ่น
 สิ่งอำนวยความสะดวกส่วนกลาง
 สระว่ายน้ำ
 ฟิตเนส
 ระบบรักษาความปลอดภัย 24 ชม.
 เข้า-ออกด้วยคีย์การ์ด
 เงื่อนไขสัญญา
– สัญญา 1 ปี (ไม่รับระยะสั้น)
– ประกัน 2 เดือน: 15,000 บาท
– ค่าเช่าล่วงหน้า 1 เดือน: 7,500 บาท
 รวมเข้าอยู่เพียง 22,500 บาท
 ไม่รับผ่อนประกันทุกกรณี
 เหมาะสำหรับคนทำงาน หรือพักอาศัยระยะยาว
 เงียบสงบ ส่วนใหญ่เป็นเจ้าของห้องพักอาศัยเอง
 โทร: 063-234-7115
 Line ID: Jj-51120
#CasaCondo #คอนโดเชียงใหม่ #คอนโดใกล้ศูนย์ราชการ #คอนโดตรงข้ามสนามกอล์ฟลานนา #CondoForRent
 For Rent: Casa Condo Chang Phueak – Only 7,500 THB/Month
 Building A, 2nd Floor | Available on 3 October 2025
 Prime Location #NearGovernmentCenter #OppositeLannaGolfCourse
 Quiet & peaceful, right on the main road, convenient transport
 Room Size
• 30 sq.m.
• 1 Bedroom | 1 Bathroom | Kitchen ready to use
 Fully Furnished & Equipped
 Dining table set
 Refrigerator
 Microwave
 Front-load washing machine
 Air conditioner (bedroom)
 Water heater
 Facilities
 Swimming pool
 Fitness center
 24-hour security
 Keycard access
 Lease Terms
– 1-year contract (no short-term rental)
– Deposit: 2 months (15,000 THB)
– Advance rent: 1 month (7,500 THB)
 Total move-in: 22,500 THB
 No installment plan for deposit
 Perfect for professionals or long-term residents
 Quiet environment, mostly owner-occupied units
 Tel: 063-234-7115
 Line ID: Jj-51120
#CasaCondo #ChiangMaiCondo #CondoForRent #NearGovernmentCenter #LannaGolfCourse"
https://www.facebook.com/groups/322977734828852/posts/2438611826598755/,"บ้านใหม่ให้เช่า สันกำแพง 
 ราคาเพียง 10,000 บาท ￼
#บ้านใหม่ไม่เคยปล่อยเช่า #บ้านเช่าสันกำแพง 
 ค่าเช่า: 10,000 บาท/เดือน
 ทำเล: บ้านป่าสักขว้าง ต.สันกำแพง อ.สันกำแพง
 ที่ดิน 50 ตร.ว. | พื้นที่ใช้สอย 85 ตร.ม.
 2 ห้องนอน | 
 3 ห้องน้ำ
 เฟอร์นิเจอร์ + เครื่องใช้ไฟฟ้าครบ
 • โซฟา, ชั้นวางทีวี, โต๊ะอาหาร
 • เตียง + ตู้เสื้อผ้า + โต๊ะเครื่องแป้ง (2 ห้องนอน)
 • แอร์ 2 เครื่อง (ห้องนอน 1 / ห้องรับแขก 1)
 • ตู้เย็น, ทีวี
 • ติดตั้งผ้าม่าน + โรงจอดรถ
 เงื่อนไขการเช่า
 ค่าเช่า 10,000 บาท/เดือน
 สัญญา 1 ปี ขึ้นไป
 ประกัน 2 เดือน
 ล่วงหน้า 1 เดือน
 รวมเข้าอยู่ = 30,000 บาท
 สถานที่ใกล้เคียง
 • ศูนย์ราชการอำเภอสันกำแพง 3 นาที
 • โรงเรียนสันกำแพง 3 นาที
 • โรงพยาบาลสันกำแพง 8 นาที
 • ข่วงวัดสันกำแพง 5 นาที
 หมายเหตุ
 • นัดดูบ้านเท่านั้น (แจ้งล่วงหน้า 2 ชั่วโมง)
 • จองแล้วไม่คืนเงินทุกกรณี
 • รับเฉพาะผู้เช่าคนไทย
 • สัตว์เลี้ยงพิจารณารายเคส
 โทร: 063-234-7115
 Line ID: Jj-51120
#บ้านเช่าเชียงใหม่ #บ้านเช่าสันกำแพง #ให้เช่าบ้านเชียงใหม่ #บ้านเลี้ยงสัตว์ได้"
https://www.facebook.com/groups/322977734828852/posts/2438627849930486/,"บ้านมูจิสไตล์มินิมอล (ชั้นเดียว) — เหลือเพียง 1 หลังสุดท้าย! 
 2.09 ล้านบาท ผ่อนเพียง 7,000 บาท/เดือน
.
 ทำเลทอง: ท่ารั้ว – ตลาดขวัญ – ดอยสะเก็ด
 ราคาเริ่มต้นเพียง 2.09 ล้านบาท
.
 ของแถมสุดคุ้ม
 เฟอร์นิเจอร์ทั้งหลัง
 แอร์ 3 เครื่อง (พร้อมติดตั้ง)
 เครื่องทำน้ำอุ่น 2 เครื่อง (พร้อมติดตั้ง)
 ปั๊มน้ำ + ถังเก็บน้ำ 1,000 ลิตร
 เคาน์เตอร์ครัวบิวท์อิน
 ระบบป้องกันปลวก มด และแมลง
 ฟรีทุกค่าใช้จ่ายวันโอน (ฟรีโอน)
.
 การันตีคุณภาพ
 โครงสร้างบ้านรับประกัน 5 ปี
 ควบคุมการก่อสร้างโดยวิศวกรผู้เชี่ยวชาญ
 รายละเอียดบ้าน
• ที่ดิน: 55 ตร.วา
• พื้นที่ใช้สอย: 118 ตร.ม.
• 
 3 ห้องนอน | 
 2 ห้องน้ำ
• 
 ห้องรับแขก | 
 ห้องครัว
• 
 ห้องทานอาหาร | 
 ที่จอดรถ
 ข้อเสนอพิเศษ
 ผ่อนสบายเริ่มต้นเพียง 5,900 บาท/เดือน* สูงสุด 40 ปี
 บริการยื่นสินเชื่อครบทุกขั้นตอน
 บ้านสวย ทำเลดี พร้อมอยู่ทันที พร้อมข้อเสนอสุดคุ้ม!
 ติดต่อด่วน
 • 0882515635 ครูติ๊ก
 • 0649979297ครูแหวว
 Minimal Muji Style House (Single Storey) — Only 1 Unit Left! 
 Prime Location: Tha Rua – Taladkwan – Doisaket
 Starting Price: 2.09 MB
 Free Gifts Package
 full furniture 
 3 Air Conditioners (installed)
 2 Water Heaters (installed)
 Water Pump + 1,000 L Tank
 Built-in Kitchen Counter
 Termite, ant & insect protection system
 Free all transfer fees
 Quality Guarantee
 5-Year Structural Warranty
 Supervised by Professional Engineers
 House Details
• Land: 55 Sq.wah
• Living Area: 118 Sq.m.
• 
 3 Bedrooms | 
 2 Bathrooms
• 
 Living Room | 
 Kitchen
• 
 Dining Area | 
 Parking Space
 Special Offer
 Easy installment from only 5,900 THB/month* up to 40 years
 Full mortgage assistance service provided
 Beautiful house, great location, ready to move in with the best deal!
 Contact Now
 • 088-251-5635 Kru Tik
 • 064-997-9297 Kru Waew
#ขายบ้าน #บ้านมูจิ #บ้านใหม่เชียงใหม่ #บ้านดอยสะเก็ด #บ้านชั้นเดียว #บ้านมินิมอล #บ้านพร้อมอยู่ #บ้านสวยเชียงใหม่ #บ้านโครงการใหม่ #บ้านราคาดี
#HouseForSale #MujiHouse #MinimalHouse #NewHouseChiangMai #Doisaket #SingleStoreyHouse #ReadyToMoveIn #ModernHome #ChiangMaiProperty #BestDealHouse"
https://www.facebook.com/groups/322977734828852/posts/2438627859930485/,"บ้านมูจิสไตล์มินิมอล (ชั้นเดียว) — เหลือเพียง 1 หลังสุดท้าย! 
 2.09 ล้านบาท ผ่อนเพียง 7,000 บาท/เดือน
.
 ทำเลทอง: ท่ารั้ว – ตลาดขวัญ – ดอยสะเก็ด
 ราคาเริ่มต้นเพียง 2.09 ล้านบาท
.
 ของแถมสุดคุ้ม
 เฟอร์นิเจอร์ทั้งหลัง
 แอร์ 3 เครื่อง (พร้อมติดตั้ง)
 เครื่องทำน้ำอุ่น 2 เครื่อง (พร้อมติดตั้ง)
 ปั๊มน้ำ + ถังเก็บน้ำ 1,000 ลิตร
 เคาน์เตอร์ครัวบิวท์อิน
 ระบบป้องกันปลวก มด และแมลง
 ฟรีทุกค่าใช้จ่ายวันโอน (ฟรีโอน)
.
 การันตีคุณภาพ
 โครงสร้างบ้านรับประกัน 5 ปี
 ควบคุมการก่อสร้างโดยวิศวกรผู้เชี่ยวชาญ
 รายละเอียดบ้าน
• ที่ดิน: 55 ตร.วา
• พื้นที่ใช้สอย: 118 ตร.ม.
• 
 3 ห้องนอน | 
 2 ห้องน้ำ
• 
 ห้องรับแขก | 
 ห้องครัว
• 
 ห้องทานอาหาร | 
 ที่จอดรถ
 ข้อเสนอพิเศษ
 ผ่อนสบายเริ่มต้นเพียง 5,900 บาท/เดือน* สูงสุด 40 ปี
 บริการยื่นสินเชื่อครบทุกขั้นตอน
 บ้านสวย ทำเลดี พร้อมอยู่ทันที พร้อมข้อเสนอสุดคุ้ม!
 ติดต่อด่วน
 • 0882515635 ครูติ๊ก
 • 0649979297ครูแหวว
 Minimal Muji Style House (Single Storey) — Only 1 Unit Left! 
 Prime Location: Tha Rua – Taladkwan – Doisaket
 Starting Price: 2.09 MB
 Free Gifts Package
 full furniture 
 3 Air Conditioners (installed)
 2 Water Heaters (installed)
 Water Pump + 1,000 L Tank
 Built-in Kitchen Counter
 Termite, ant & insect protection system
 Free all transfer fees
 Quality Guarantee
 5-Year Structural Warranty
 Supervised by Professional Engineers
 House Details
• Land: 55 Sq.wah
• Living Area: 118 Sq.m.
• 
 3 Bedrooms | 
 2 Bathrooms
• 
 Living Room | 
 Kitchen
• 
 Dining Area | 
 Parking Space
 Special Offer
 Easy installment from only 5,900 THB/month* up to 40 years
 Full mortgage assistance service provided
 Beautiful house, great location, ready to move in with the best deal!
 Contact Now
 • 088-251-5635 Kru Tik
 • 064-997-9297 Kru Waew
#ขายบ้าน #บ้านมูจิ #บ้านใหม่เชียงใหม่ #บ้านดอยสะเก็ด #บ้านชั้นเดียว #บ้านมินิมอล #บ้านพร้อมอยู่ #บ้านสวยเชียงใหม่ #บ้านโครงการใหม่ #บ้านราคาดี
#HouseForSale #MujiHouse #MinimalHouse #NewHouseChiangMai #Doisaket #SingleStoreyHouse #ReadyToMoveIn #ModernHome #ChiangMaiProperty #BestDealHouse—  รู้สึกตื่นเต้นใน 
เชียงใหม่ ประเทศไทย, จังหวัดเชียงใหม่"
https://www.facebook.com/groups/322977734828852/posts/2438636233262981/,"บ้านเดียวปล่อยเช่า บ้านราคานี้มีหลังเดียวครับ
 ใกล้ขนส่ง2
เข้าออกสะดวก ใกล้ตลาดใกล้ 7/11
มีพื้นที่ 50ตรว 2นอน1น้ำ มีแอร์ 1
เคื่องทำน้ำอุ่น 1ตัว  6,500/ด 
แรกเข้า 18,000สัญญา 1 ปี 
น้ำไฟตามบิลหลวง
สนใจติดต่อคุณต้อม0928878262
0978549888
@propertymarket"
https://www.facebook.com/groups/322977734828852/posts/2438725443254060/,"ขายบ้านเดี่ยวราคา 1.85ล้าน3ห้องนอนติดถนนต้นยาง600เมตรเดินทางเข้าเมืองสะดวกยุตำบลยางเนิ้งสารภีเชียงใหม่ในชอยเพื่อนบ้านดีเงียบสงบไม่วุ้นวาย
ประเมินได้2.4ล้านนัดดูได้คับ 0902813647"
https://www.facebook.com/groups/322977734828852/posts/2438745259918745/,"ขายบ้าน เอื้ออาทร สันกำแพง  1.19ล้าน  
รีโนเวทใหม่พร้อมเฟอร์นิเจอร์เจ้า  
คุ้มมาก!!!!!
เหมาะสำหรับคนที่อยากได้คุณภาพดี  ราคาจับต้องได้  พร้อมอยู่เลย
เนื้อที่21  ตารางวา     2  ห้องนอน 2  ห้องน้ำ   
ราคา 1,190,000  บาท   โอนคนละครึ่ง
มีที่จอดรถสะดวก  มีรั้วรอบขอบชิด
ซอยสะอาด เงียบสงบ  เพื่อนบ้านน่ารัก
บ้านรีโนเวทใหม่  พร้อมเฟอร์นิเจอร์คือสวยมาก  
ไกล้ตลาด  เซเว่น  โรงเรียน
 ภายในโครงการประกอบไปด้วยสิ่งอำนวยความสะดวกครบครัน ระบบรักษาความปลอดภัยตลอด 24 ชั่วโมง
การเดินทางเข้าเมือง20นาที
ถนน สันกำแพง-ดอนจั่น
สนใจ  ติดต่อ   062-2631715  ออย
แอดไลน์   https://line.me/ti/p/GO-aYpy6YR
ุ้"
